Index,Hogwarts House,First Name,Last Name,Birthday,Best Hand,Arithmancy,Astronomy,Herbology,Defense Against the Dark Arts,Divination,Muggle Studies,Ancient Runes,History of Magic,Transfiguration,Potions,Care of Magical Creatures,Charms,Flying
0,Hufflepuff,Rico,Sargent,2001-10-06,Right,41642.0,896.0015518507417,3.0201723778093963,-6.960960714808824,7.996,-365.1518504531068,211.81449326528383,4.207690767250213,1046.7427360602487,3.6689832316813447,0.3738525472517433,-244.48172,-13.62
1,Ravenclaw,Tamara,Shackelford,1998-01-08,Left,45352.0,258.17996629760984,2.9652261693057698,3.708446553065121,6.349,522.5804860261724,813.9003016163555,6.460017331082373,1048.0538781192083,8.51462223474569,0.5774322733924575,-231.292,-26.26
2,Gryffindor,Staci,Crandall,1998-09-15,Left,43502.0,671.3514893284057,-6.185696587080503,-3.2030399042023268,4.619,-630.0732069461911,771.4637104059842,-5.565818052162058,936.4373579469948,1.8508293300849623,-1.6471500089738849,-252.99343,200.15
3,Hufflepuff,Dee,Gavin,2001-05-10,Right,61831.0,723.3000339808883,4.962441602980879,,,-449.1798058002609,311.0404463945434,,1043.3977178876494,4.656572653588079,1.164707896993084,-244.0166,-11.15
4,Hufflepuff,Gregory,Gustafson,1999-02-01,Right,,652.2419366978695,3.737655971167968,-2.883377471415188,4.886,-449.7321661455943,190.49635746213698,2.8763465676859883,1051.3779355988024,2.750586103354796,0.102104408931486,-243.99806,-7.12
5,Slytherin,Katharine,Ebert,1998-09-25,Left,60888.0,191.64768847861302,-7.327170322866657,4.821390963522175,-6.6110000000000015,-525.2725025237612,114.2300669414421,5.197858179249288,1070.712142717006,10.032461125685584,-2.1852199688256664,-253.62839,-126.66
6,Ravenclaw,Elizebeth,Clemens,1998-12-16,Left,46583.0,188.11923528760974,4.276265977488614,4.880414529003729,4.916,408.9254737415581,902.5558222156723,3.5779424817589587,1046.2171724880452,7.922499688836782,-1.1784556822092844,-231.5856,32.67
7,Hufflepuff,Santo,Simonson,1999-01-04,Left,42013.0,883.4763452047506,4.024691099123406,-6.7514404761601625,5.1080000000000005,-590.514803881303,258.56099552262333,4.672595325050304,1056.701013197971,7.132861059425293,0.5631179851568311,-245.93425,13.45
8,Ravenclaw,Rosalyn,Gee,1997-09-01,Left,27434.0,175.72941688860175,7.146464798490754,5.087670008385747,4.586,512.8501336932145,781.3754334680311,3.12979163174824,1040.7342323213866,5.783287107300602,0.4193343687566451,-229.42604,60.88
9,Hufflepuff,Karen,Skaggs,2001-08-11,Left,33500.0,671.1018351325015,6.55800346202798,-3.1988637170795178,2.652,-449.9265947720796,276.68845349234374,4.754587065505914,1036.4056167017625,5.773881664894601,-0.1840823112278276,-242.76836,46.29
10,Hufflepuff,Mollie,Donohue,1999-07-07,Right,47320.0,981.2436238858875,7.307270573734564,-8.386880444558479,4.148,-461.4814298448504,89.03080396558713,1.7886372327735232,1049.3551372721265,1.582542749553446,-1.3043658663214417,-247.98054,38.54
11,Slytherin,Filiberto,Beebe,2000-01-09,Left,46821.0,125.47020602646231,-5.193860230814356,5.92840039725317,-5.205,,209.96506376890204,4.430113403077925,1054.1707135953627,8.897999259725578,0.2026727152756092,-249.41488,-74.31
12,Slytherin,Carmen,Washington,1998-02-18,Right,54547.0,228.54006672712447,-7.862746374777414,4.204259437199704,-2.059,-240.32514629775287,444.6476197278044,5.936734828825891,1031.3856283427217,10.539315699055567,-2.196523838150531,-248.69091,-80.08
13,Slytherin,Milford,Bader,2000-02-01,Right,60483.0,225.25847012301392,-4.563680765324642,4.259153613645244,-6.9220000000000015,-487.7828233902365,191.92283590339062,3.179448297627532,1057.9875620279022,8.495121102474247,0.7580812340399731,-253.07643,-63.92
14,Slytherin,Nathanael,Holland,1997-08-08,Right,46012.0,225.8922943426651,-2.860623586520868,4.248551073861589,-4.828,-538.4535201427743,295.85684116041716,2.5993554541920405,1056.327057977749,9.072908001487296,-1.005776010678949,-249.44113,-16.04
15,Hufflepuff,Nilda,Peyton,2001-06-16,Right,58059.0,785.5853410090724,4.554058435209567,,5.2570000000000014,-621.1801426688357,2.7599823243927237,7.445043673737088,1069.634668916895,4.390774539593696,-0.8758482364916172,-245.17056,-90.75
16,Ravenclaw,Tasha,Lyons,1997-11-30,Left,40414.0,308.0607541365297,4.573500186284839,2.8740463816844124,6.2360000000000015,324.44471183127007,768.8740069882621,3.185660862953484,1039.069611395513,5.8181170330398775,0.1436782306047705,-232.80601,36.26
17,Slytherin,Briana,Diamond,1999-12-24,Left,54521.0,221.06310188592985,-4.616780757661369,4.329333258508366,-4.632,-709.282606285322,191.89339876194828,4.102166347518523,1072.9305098253635,9.916365624971515,1.628480849403236,-250.88116,-75.58
18,Ravenclaw,Belle,Jasper,2001-01-28,Left,37327.0,258.5955660185128,6.0909017168775845,3.7014944479887744,6.211,617.6647509488283,849.2795036976667,3.1713639079395937,1070.323984019598,7.529848873222487,0.0989729130871432,-229.40354,24.75
19,Hufflepuff,Nathanael,Hanson,2000-04-02,Left,46165.0,834.3746745171899,1.657752631452837,-5.930073288274398,3.995,-552.9535847871025,132.1048878789385,5.392873836387556,1068.4955970835624,7.049343996672425,-0.5055102535693831,-247.87798,-44.64
20,Hufflepuff,Devin,Velasco,1998-07-11,Left,68803.0,689.02601024097,6.464247433788778,-3.498697288887988,4.254,-679.8208773934109,96.7063874386037,,1068.901379765534,2.049938092922936,-1.1767795554919558,-245.03147,-39.74
21,Slytherin,Tami,Preston,1999-07-02,Right,52568.0,249.23399105028435,-4.962465710401993,3.858093814123652,-5.292000000000002,-462.01283465173935,298.68082923133034,5.459747841603343,1038.5067242576013,10.338426272410487,0.7538927533236297,-250.89025,-54.47
22,Ravenclaw,Brook,Zapata,1998-03-10,Right,10167.0,291.21169783136145,2.2990190664114363,3.1558954878780807,5.292000000000002,80.60277789345403,663.5989742308251,3.1764492150580685,1044.8286635509835,8.365852626000969,-0.0287074854101925,-233.9995,56.19
23,Ravenclaw,Allan,Mcdade,2001-03-20,Left,74358.0,134.71508694315534,3.4090381902488835,5.7737530760000775,5.1770000000000005,804.4358621951868,921.2539038926893,5.218387310919462,1066.551492707158,7.34729282752154,-0.941412140163952,-230.77467,-62.86
24,Gryffindor,Colin,Rouse,1998-08-19,Right,55346.0,844.5556835516724,,-6.100380054691838,7.051,-615.2301811088803,479.8788454524369,4.694028733739815,1056.0091346965394,8.833560290033025,0.7788691777511243,-244.83219,8.61
25,Hufflepuff,Olin,Schumacher,2000-11-27,Right,37040.0,709.2502308805915,3.520114902326005,-3.8370057619264735,4.267,-282.05303301855264,231.94986769424509,6.754121356314237,1034.9631927936318,5.883460233144269,-0.8732157792710319,-243.2424,-18.35
26,Ravenclaw,Freddy,Jernigan,1997-06-01,Right,40696.0,158.46244826363676,1.4319121110295856,5.376509904548224,4.129,595.0470500915502,912.4125494080236,6.513187097015361,1055.3699921508749,11.540263796091356,2.134281515506532,-231.51566,-19.59
27,Slytherin,Kristal,Beck,1999-12-21,Right,65263.0,217.60259786161174,,4.387220178022932,-6.131,-403.6724411221714,234.06649695535717,4.658475488447383,1038.3867354039144,8.137328559912032,1.3520746251923594,-252.47707000000003,-78.07
28,Gryffindor,Magdalena,English,2000-03-02,Right,72647.0,800.1112848709959,-4.712873620303567,-5.356919185632875,4.5310000000000015,-430.6092885756102,896.0768413579939,-4.420345486339965,955.5814240724096,3.5090337904176923,1.0197702494794276,-253.76253,167.45
29,Ravenclaw,Lemuel,Huddleston,1998-08-23,Left,63929.0,114.9215903824791,3.0323630622101096,6.104856445413282,4.605,609.0757038855504,821.2318058503099,3.5420738539380565,1064.3290857952463,6.121348177887724,-0.02452083539483,-232.17381,-38.96
30,Hufflepuff,Ariana,Legg,2000-09-08,Left,52616.0,795.2746651143373,6.050126668674814,-5.276012757953914,5.9110000000000005,-530.0594336738421,231.76418463533741,2.782300473586316,1050.7473694203234,2.6823285515223767,1.3844644223516425,-244.19834,16.98
31,Hufflepuff,Ben,Hughey,1999-07-22,Left,49238.0,651.3759816030154,3.665554418798018,-2.8688918726333954,5.58,,334.74244075606174,3.8542985445559257,1055.1470371711232,5.483182697012012,-0.6954759184659536,-242.81303,0.76
32,Gryffindor,Paulette,Weeks,2000-03-31,Right,74276.0,736.5575956475155,-5.1503543228994175,-4.293800267960689,3.917,-717.899770781555,849.047147526033,-5.640768310162463,942.413406866736,1.9917722552955763,-0.9110255034618324,-255.29606,187.84
33,Hufflepuff,Angeline,Wimberly,2000-06-04,Right,63574.0,747.4727071900368,5.033653851739441,-4.47638701801625,4.265,-627.1640329214506,156.9183364487675,4.779062323301356,1065.2766898979862,4.32117345947944,-1.1343920892774382,-245.70455,-37.65
34,Hufflepuff,Meagan,Romeo,1999-03-31,Right,40221.0,801.736168529501,2.9814306581025534,-5.384100055500221,3.524,-224.30997486678032,97.7597659069652,3.6794777892749377,1041.2723759978771,2.774929846887257,-0.6727605316141291,-247.10056,-15.04
35,Ravenclaw,Agustin,Hibbard,1997-08-14,Left,51621.0,307.5833952264311,9.402830805410147,2.8820315874851428,7.119,273.34106683102266,755.4233916661996,6.303710412286204,1064.686168682534,7.062835368927338,2.245794084558391,-228.43012,1.15
36,Gryffindor,Sherwood,Dickerson,1997-10-03,Left,45938.0,886.9157183073457,-3.447588949158802,-6.808973920008624,5.742000000000001,-460.4004739631205,922.784047459027,-4.724288636929789,961.86009981613,5.447672802656033,-2.8711187052683163,-251.6774,217.76
37,Ravenclaw,Oma,Tomlinson,1998-06-20,Right,48797.0,151.3968677779571,4.275590691727047,5.494702134935478,4.5680000000000005,625.3112247343105,831.3761639092437,6.706888824185561,1058.593379557739,9.028632063380506,-0.0564870809664738,-229.98936,-33.6
38,Slytherin,Summer,Motley,2000-10-11,Right,54372.0,176.98286551276595,-5.078407587783687,5.066702461718342,-6.973,-350.8770991405712,224.30620146413764,3.0069317140992733,1053.5487293790377,8.456521697057545,1.125326214038492,-252.07035,-59.24
39,Ravenclaw,Cathryn,Jackman,1997-07-28,Left,58605.0,125.37761837411563,4.1567990518057005,5.929949193018691,4.2810000000000015,565.216685160348,842.9131166968996,5.5734537590654805,1049.1477532688375,7.38331443930609,-0.2947402987609741,-231.12774,-25.81
40,Ravenclaw,Suzanne,Marvin,1999-03-27,Right,45913.0,201.71107259656375,2.3547463839747205,4.6530518133907846,4.497,532.3115470230682,820.8905055008249,3.7170506671753567,1032.9128812755189,6.490226404635799,-0.1229963987648157,-233.52648,11.47
41,Slytherin,Jeannine,Hopson,2000-12-23,Left,41129.0,167.8153232702543,-5.783493524694444,5.220056070386149,-4.955,-482.95564370502825,234.46529878602726,5.906923767620027,1052.353774235207,10.95558722806608,-1.1986857770114627,-249.32772000000003,-75.81
43,Slytherin,Denise,Fryer,2000-09-23,Left,74197.0,259.9843397883566,-4.654284317474914,3.678263197606187,-3.676,-409.9853850711898,373.0087143828728,5.5362897106534135,1011.3539776741492,7.3740782833035325,,-250.76828,-61.29
44,Hufflepuff,Eldon,Freedman,1996-12-22,Right,74063.0,718.773664461886,5.189909499306158,-3.9963126806148086,4.527,-510.3580826508325,44.94116435587692,,1063.4542599381457,1.5015097902531642,-1.6275838804831069,-245.73654,-82.43
45,Ravenclaw,Natalia,Bergman,1997-01-04,Left,9014.0,327.29331248536806,2.897033644158068,2.552326323168436,6.07,545.8241854946695,738.4947576001114,7.5201219322338195,1082.639640733404,13.158387136758574,-0.9963301144912052,-229.79917000000003,-18.37
46,Slytherin,Mei,Dunlap,1996-11-29,Left,65557.0,264.0824586308598,-5.895356371431812,3.609710329604869,-6.6370000000000005,-352.42331413665886,253.28902014927556,2.5587155876794885,1058.4090779284718,8.656110195079103,0.7371909659748939,-254.08156,-68.69
47,Gryffindor,Dorsey,Milton,1998-10-01,Left,26369.0,1000.0,-6.199249299245689,-8.700634980566134,4.437,-445.6160157047789,676.1486150021827,-3.1680265837476536,927.3418809077672,4.1469076522787365,0.1462723268676237,-256.064,206.59
48,Ravenclaw,Charla,Doss,1999-10-16,Right,35150.0,256.15079887622863,4.959097785015805,3.7423902359441534,5.1720000000000015,815.3132329322071,763.1338279638475,4.013615211973714,1067.6083796308385,7.075334733538637,-2.206312065082873,-230.44896,-5.96
49,Slytherin,Augustus,Tobias,1998-02-02,Right,17451.0,21.99331753699945,-4.355497853921487,7.659350072073304,-2.344,-546.1562492241424,206.88888690889632,6.1859037385027404,1057.1312623375695,10.22197575619466,0.6199289528458307,-243.17219,-65.37
50,Ravenclaw,Dominic,Gregg,1997-05-23,Left,44637.0,286.56068692304115,9.678461975056711,3.2336970717569944,6.263999999999999,348.4699971231546,825.6568290865521,3.8199095362165534,1046.8089087244623,5.729548757133693,-0.3836307582813072,-228.9003,59.62
51,Hufflepuff,Rudolph,Isbell,1998-08-06,Left,41578.0,860.05204798504,4.131627171041456,-6.359601484408131,6.625,-473.3355645074973,191.28757908404816,0.2085338431916774,1053.051753793388,1.4536102478238533,-0.5492280180066682,-246.02093,34.89
52,Ravenclaw,Shirley,Whiteman,1999-09-15,Right,22186.0,83.47496185787182,5.276264040703745,6.630892086931452,3.487,172.70719722428402,640.4907196985637,4.560653145758416,1031.834114702022,6.1253508598403625,-0.0942252903099273,-231.0108,39.01
53,Ravenclaw,Les,Tribble,2000-02-01,Left,16983.0,326.8530611248647,5.571067509606579,2.559690798080918,6.3329999999999975,419.3146721844498,791.3185602010856,3.3217651499927965,1065.762878940547,8.922138717158777,-0.5035788320498802,-230.21003,55.38
54,Hufflepuff,Hong,Cady,2000-08-23,Right,37619.0,782.0514711102065,4.384321748395493,-5.054816665805623,6.331,-527.3580894532702,188.33342124188738,4.642887276941762,1053.4793621348751,4.668927719645751,0.397039787514203,-243.36927000000003,-4.43
55,Slytherin,Normand,Wallace,1998-05-17,Left,42727.0,60.437029684019556,-5.120741722891038,7.016268007941282,-2.6860000000000004,-610.0758199315658,135.22495204846896,7.1875700523596295,1048.1494895387118,8.457520505283156,0.5373810299906517,-246.17299,-112.9
56,Slytherin,Darrell,Wimberly,2001-08-18,Left,38556.0,149.11786409578835,-7.870242966829839,5.532825050498074,,-370.4064342473588,199.05758826963253,6.640549693038234,1058.2171392496066,11.857212397025547,0.2957788036237811,-250.14318,-108.02
57,Ravenclaw,Brandon,Fine,1998-06-26,Left,61279.0,244.64336445781404,3.812411080895035,3.934885296003844,6.077999999999999,581.4002123381555,820.5968829397646,5.022528270494384,1061.3678874035334,7.002986803322508,-0.4616745668876992,-231.79562,-38.63
58,Hufflepuff,Shannon,Reddy,2001-07-02,Right,29026.0,830.1924702678226,2.3647154657380534,-5.860113849107355,6.11,-368.7362370913945,241.71332777575108,8.277285235376675,1041.021255279421,8.300726895330593,1.1359091786810616,-243.25871,-27.86
59,Gryffindor,Jeramy,Herrera,1999-04-10,Left,37002.0,799.1489590521102,-4.638493128789804,-5.340821508290743,6.097,-507.0388715299293,750.1563929652107,-4.4350889454225095,957.6371550161372,3.226146373398282,-0.5370022225653271,-251.34128,186.74
60,Gryffindor,Andrew,Lauer,1997-01-23,Left,43759.0,732.6871621478986,-6.934893925538957,-4.229056094596245,4.086,-329.57751367983934,717.5791502829491,-4.057666540131429,944.0759360875462,2.494312879988073,0.2421650043893766,-253.61265,157.86
61,Gryffindor,Ericka,Carlson,2000-09-28,Left,70217.0,853.7126226750006,-5.386965421996196,-6.253556295582451,2.343,-706.2699781288103,867.5616282220254,-5.2341204211843895,944.5442475233574,4.472214577402354,2.2361024341143265,-257.75982,205.46
62,Hufflepuff,Yesenia,Wentworth,1996-12-09,Left,50906.0,720.185331328017,4.289389184724147,-4.019926884120092,6.127000000000002,-351.72200921071226,274.0016128403182,6.772685681013999,1037.1641176836904,4.821739819423536,1.069716003729669,-242.17409,-31.27
63,Hufflepuff,Deanna,Melendez,1999-11-29,Right,46673.0,755.5474564497488,5.074462696504838,-4.611460509395688,5.865,-490.8074068267667,206.32353699295325,6.26752740399388,1048.9412033076994,5.015789151051656,1.4158307802821457,-242.7843,-23.7
64,Ravenclaw,Bettye,Villasenor,1997-05-21,Left,30996.0,133.4777811191911,4.599200692297832,5.7944505877334525,4.015,427.7919762998589,704.7615105957826,2.617822676413996,1045.6104076976635,5.347644332171424,0.4012113819200694,-231.72331,31.7
65,Hufflepuff,Melissa,Martindale,1998-01-18,Left,99744.0,580.9208695162016,5.271105666424118,-1.690326734694355,3.536,-759.0699194942821,216.5950555610894,2.43232936649291,1079.7051591472325,1.7791135696641671,-0.10931157314216,-246.46014,-64.38
67,Ravenclaw,Dewitt,Geary,1996-11-22,Right,19600.0,248.94390355144947,4.913790426908837,3.862946364959957,5.27,176.6535166494962,728.846925382842,5.739720112113984,1062.7926977284508,10.403166782005632,-0.2150125069051715,-230.59801,26.41
68,Hufflepuff,Kathy,Thibodeaux,1999-09-01,Right,44162.0,762.0784167523285,5.074169743765741,-4.720709673890664,3.182,-238.91552199062863,248.71814539605293,6.718609959567312,1026.8190085203946,5.4639693024339575,,-244.23385,-1.89
69,Ravenclaw,Taylor,Yarbrough,1999-05-26,Right,68534.0,177.77350937793088,5.268869026851389,5.053476660659924,5.17,614.277650367872,898.0275535428277,4.576593697448547,1042.131297703921,5.784011644375773,0.400525829152572,-231.12391,-10.76
70,Slytherin,Benedict,Christopher,1998-01-27,Right,41725.0,153.34977878016326,-6.296241654108268,5.462034060802521,-4.25,-223.80795201939856,309.733972862805,5.4857241372404815,1034.9305517130458,9.558548092238595,3.20552523520994,-248.38773,-68.97
71,Slytherin,Birdie,Haller,2000-07-22,Right,57714.0,247.6939575474127,-5.343482809511984,3.8838553201944417,-6.942,-545.6086229822245,204.592238316557,2.840614552147472,1073.1956048703018,10.067926198038144,1.0421553396969478,-253.65697000000003,-65.4
72,Gryffindor,Wilford,Parks,1996-12-30,Left,,919.129007081186,-3.744274235775044,-7.3478341673733665,5.384,-616.0813496267144,819.1318605317556,-4.786548518004094,951.2904908875088,3.676677538510553,,-254.08185,208.13
73,Ravenclaw,Eleanor,Nathan,1997-11-23,Right,32066.0,234.93635612555693,6.036501765938889,4.097263032341632,5.4170000000000025,169.47764257692089,752.3226438186771,5.401559557599517,1036.316106779361,7.639174531057043,0.0671677448575592,-230.78352,40.68
74,Gryffindor,Chang,Tallent,1999-09-15,Left,54865.0,690.9297971413138,-3.9697355783074064,-3.5305436206069087,6.452000000000001,-288.7053160757335,879.9689773138239,,961.889442086486,1.600662610211394,0.3303809377192446,-249.4093,178.29
75,Hufflepuff,Elbert,Potts,1999-05-13,Left,44605.0,786.5789500040962,5.796347010855286,-5.130551820133649,6.313,-413.81052102843086,379.00982441406165,4.973513070429997,1032.9674744443762,5.312641276957018,,-242.00769,32.94
76,Hufflepuff,Keven,Hager,1999-01-10,Left,35535.0,828.3344412377971,4.841548853925061,-5.829032949862338,2.992,-386.91347098638886,327.5634327522331,3.7267876580126194,1035.051395891422,6.549406923696305,0.9361394450707836,-245.83222,58.99
77,Gryffindor,Lynwood,Almond,1997-10-19,Right,,653.8466228519297,-6.255449948117838,-2.9102204797149755,3.951,-466.2814978008524,787.0201429986721,-5.191954437341037,944.9393390403734,0.9487434074604908,1.6491822210914695,-254.0018,151.97
78,Ravenclaw,Renaldo,Ngo,1996-12-08,Left,4536.0,249.25336643971005,3.0499004362087514,3.857769704803053,4.3610000000000015,333.7264117108156,697.5253246947423,3.517562058120728,,9.926702967483031,2.252369740015041,-232.14038,46.8
80,Ravenclaw,Chantal,Macdonald,1999-12-06,Right,43735.0,104.22991706280462,0.6730226559234422,6.283705546175122,3.2260000000000004,693.8054575123523,775.8089420902801,4.4193976094280085,1055.31378266021,7.903262589285639,-0.9230348837436416,-233.27417000000003,-35.9
81,Hufflepuff,Luella,Fuller,1999-12-25,Right,70453.0,756.8582018498785,7.014549251009398,-4.633386510044208,3.547,-551.9474924299523,93.90779808972924,3.2098555788857874,1058.3433690192576,1.0749306589092211,-0.227172731305023,-246.36528,-23.88
82,Slytherin,Wilbur,Salley,1999-08-25,Left,72488.0,279.687495985657,-6.5446879409317065,3.348671031563036,-3.515,-671.2523274484178,221.46064723094642,5.66248781380288,1060.3837396469455,9.652218736263029,-0.6473876574812174,-252.45307000000005,-117.57
83,Gryffindor,Manuela,Tucker,1997-11-30,Right,42474.0,812.7423291415682,-6.025279040578492,-5.568209864082418,4.185,-691.9108027478865,730.0366811998119,-4.083571961344719,943.7123158018804,3.985277784100429,0.8851573644985737,-254.83519,192.17
84,Gryffindor,Lupe,Myrick,1999-03-23,Right,68654.0,727.0410163436183,,-4.134608006848603,5.488,-653.3299142500288,805.9853958188112,-6.774123439389363,948.6930529449976,-0.1256359836685177,0.3656623961456509,-253.15144,192.49
85,Hufflepuff,Earline,Singletary,2000-02-13,Right,63385.0,716.7928141814882,3.5107419200927685,-3.9631772413995954,4.593,-407.4945713292488,221.57874811065594,9.095451335643132,1047.9965234187748,6.701145542040327,-0.2642532769826985,-243.88771,-82.53
86,Hufflepuff,Mohamed,Wills,2001-05-03,Left,62249.0,767.9634756103759,3.630489795105192,-4.819154272151576,3.701,-660.0657008809961,428.24483713778,4.8104367110817465,1058.9444626916747,8.919097690371412,0.6470087688892295,-246.06211,10.49
87,Hufflepuff,Danilo,Whiting,1999-09-04,Left,49230.0,735.6430952618409,7.144356824318595,-4.278502609050435,4.481,-621.9608770608949,222.6149031016194,1.962218090498052,1056.1321079318868,2.916695362327944,0.608717970478924,-244.08299,38.72
88,Ravenclaw,Alberta,Tomlin,1999-08-17,Right,59914.0,174.34893451238278,6.7187537606327545,5.110762561274546,6.098,585.6336520434269,675.8016474427279,2.3894342491302494,1040.6840144639264,0.6374045294046364,2.2046349727936927,-230.92879,-7.64
89,Ravenclaw,Bruce,Mccool,2000-09-08,Left,46922.0,255.08777566477946,8.201982200262707,3.760172367867957,6.0070000000000014,485.34833356905887,780.782770162897,4.482976105228,1055.746713961863,5.866438312112599,-1.7399535473068062,-229.20374,18.48
90,Hufflepuff,Andria,Lees,1996-12-03,Left,71589.0,700.5788952922145,4.549809154824001,-3.6919526419876574,4.936,-541.6433762070315,275.2955546303639,,1058.9203542296448,1.8972112152306384,0.3048817195830253,-245.83825,-4.13
91,Slytherin,Erwin,Knudsen,2001-10-01,Right,37106.0,79.38110805115353,-5.393878621577025,6.699373609897053,-5.2120000000000015,-830.7996266658545,12.557610349692279,7.384314554111903,1077.3145051178396,11.118487955384648,-0.0266869044791335,-248.80566,-124.65
92,Gryffindor,Jerrold,Lynch,1999-05-29,Right,70896.0,765.1469969154484,-6.358315777268071,-4.7720405354294,2.684,-643.8021143038709,748.6055727766611,-5.263805984910367,936.7165073206392,1.568147866237346,0.1443819031907131,-257.48158,171.99
93,Hufflepuff,Keven,Emanuel,2000-07-11,Right,52045.0,799.0116885538332,6.492318627542515,-5.338525262937568,3.942,,285.04802945277726,2.232403644592752,1037.017267008986,2.712880029582745,-0.6130271084675422,-245.25227,45.85
94,Ravenclaw,Otto,Muniz,1998-08-24,Right,46717.0,99.14185218229922,6.183190468733418,6.368818119416745,4.817,770.3896175440331,716.104095698232,5.711948201515808,1055.4915148288671,5.199295024893383,1.3696315500366896,-228.40478,-38.13
95,Ravenclaw,Domingo,Maloney,1997-12-16,Right,29432.0,202.9569333095379,3.186254084215439,4.632211196442648,4.853,463.7182955271898,780.7932556936746,4.532000513445271,1041.7635930505176,7.919954037884216,-0.7491626944737432,-231.74768,20.45
96,Gryffindor,Jon,Patterson,1999-01-25,Right,23761.0,895.3444258920888,-5.212563901170327,-6.949968386173412,5.212999999999999,-774.0911463243422,737.7542609908921,-3.962911102219575,943.6739836416392,5.385683794273511,0.3513155093616492,-253.74136,228.67
97,Slytherin,Devin,Kuykendall,1999-06-29,Right,72835.0,187.9107277019706,-5.619550793723153,4.883902420288711,-5.062,-397.99546841576574,256.07131629173216,4.925187595983637,1030.7693140449262,7.028466789425553,-0.65989660193076,-251.78655,-92.12
99,Ravenclaw,Jonas,Worthy,2001-06-25,Left,79908.0,187.81754520673888,2.59090534576698,4.885461166518666,5.573,686.0464086694344,874.933081859438,5.093840710448243,1047.660109076373,5.733111737654939,0.3697672000097654,-232.89752,-61.56
100,Hufflepuff,Alec,Carswell,1999-06-02,Right,51723.0,723.952883928356,6.146738209071881,-4.082950077449768,3.405,-327.30678234610207,51.817829814692324,4.8881389998253,1043.4916896080274,1.427603670628666,-0.6621864537033554,-244.8318,-30.99
101,Hufflepuff,Noemi,Bedard,1998-05-01,Left,41238.0,753.4021263727295,6.1116956072110655,-4.575573670765278,5.816,-562.2633447500621,455.49887354973725,10.366995065838168,1035.0043248006614,11.069633620662636,-0.2085986217233584,-239.6017,5.27
102,Hufflepuff,Philip,Ochoa,1999-06-20,Right,59614.0,750.956176899231,7.0059879208602585,-4.534658104907209,5.416,-763.7879171564122,293.7083559310823,5.151240782109671,1062.4002101110373,5.991270413716147,-0.203630408437361,-243.00066,3.8
104,Ravenclaw,Irwin,Hawk,2001-01-29,Right,38150.0,94.59161754241505,4.490907233591372,6.444933929287322,2.866,179.2761051430365,783.0516167827068,6.590827846081238,1034.3278112629605,9.339240387451364,1.1816592441807523,-231.56018,17.95
105,Ravenclaw,Vernell,Caraballo,1999-09-30,Left,,139.24172963311497,1.068593081683571,5.698031909596714,3.731,447.0843779867756,859.7927864889484,,1064.7384297259755,13.390013009929696,-0.3016275989159406,-230.89281,13.14
106,Hufflepuff,Faye,Watts,1998-11-04,Left,57510.0,722.4223238555172,7.92774073316026,-4.057347041843967,0.718,-449.038076994624,194.55772526107583,3.3907973636431934,1042.8694543601855,3.3364052046003767,-0.4885326116902636,-246.26357,31.24
107,Slytherin,Damaris,Beatty,1997-07-23,Right,33737.0,129.18208806534716,-3.9765449771852177,5.866308454772383,,-453.5614382405757,247.34252426959517,4.835170653671363,1047.6070906060056,9.207117020700368,-0.5615979099640617,-246.72453,-47.62
108,Slytherin,John,Lucas,2001-03-05,Left,,143.971415214338,-8.571173123257822,,-7.491,-422.7621296288857,91.79429687266351,5.2750568788255725,1078.5329119619582,10.996144864992782,-0.0698050191734045,-253.64782,-138.01
110,Hufflepuff,Amanda,Giroux,1999-09-30,Right,48873.0,658.8539390853452,8.660523856717504,-2.9939822987305806,3.945,-384.42794958888334,263.34228993952115,0.6229718644935058,1033.0269802185535,-0.0992720475588382,1.4588455848084028,-242.58893,69.7
111,Slytherin,Flossie,King,2001-03-19,Left,66547.0,240.2994694461987,-6.6558953264011205,4.007549479934866,-7.5310000000000015,-381.1116357017947,228.0282598834282,4.351041260663833,1050.557490916653,9.644642778574768,0.4493851615974047,-254.66931,-87.81
112,Gryffindor,Kathi,Royer,1997-04-01,Left,13977.0,744.5875924034492,-6.089386420722066,-4.42812514452388,6.037999999999999,-163.7961201541951,744.4460090537546,-2.8981219815430634,968.8387672594986,5.50714454606387,-0.7487988725779406,-248.69507,163.51
113,Ravenclaw,Herb,Lorenz,2000-03-04,Right,26951.0,176.5978486249187,6.431683810840522,5.073142980625977,4.433,205.2099419125121,787.1178467584862,6.404254446121447,1050.8752424607587,10.061008198012292,-0.3882294532624744,-229.35019,34.89
114,Hufflepuff,Kermit,Shay,1998-09-22,Left,,893.608609583382,4.022092616801076,-6.920931847493479,2.942,-322.4970227906144,303.47454664220953,6.040969278022254,1032.954327169086,8.016668917947621,1.6419063155151183,-246.56534,27.62
115,Ravenclaw,Winford,Heffner,1999-09-02,Left,49114.0,224.36892650068916,5.82553235657842,4.274033798643831,4.9830000000000005,521.33066692059,903.506654859566,5.309596385373847,1037.18899935112,7.8719692592504575,1.0158960807318111,-230.50073,25.52
116,Ravenclaw,Booker,Aleman,1999-12-25,Left,62665.0,265.8643369564784,4.461562509539212,3.5799032707212555,6.198,605.7648912294175,921.0066015085255,,1061.3806237931274,8.408945220504576,0.7744141878438411,-231.02147,-22.35
118,Slytherin,Margaret,Hyatt,2000-04-29,Right,57125.0,276.2399247855379,-7.870889665335742,,-5.158,-262.2386148611518,398.45828026904223,6.257806956251535,1031.5283508850223,11.895260483796328,-1.405475313783187,-252.07488,-74.98
119,Ravenclaw,Tamra,Schuler,1998-01-30,Left,44931.0,51.592028179262805,5.90493236276799,7.16422619166654,3.743,619.9667672756988,781.8119624350458,5.8581947553841855,1066.8835908844833,7.905617441254384,0.6392527963871033,-228.44239,-26.5
120,Gryffindor,Gavin,Bankston,2000-11-05,Right,73735.0,800.7124015183181,-4.631306121601461,-5.366974596849818,3.279,-714.7868121788481,860.4528972769444,-5.540562660060528,956.472358329224,3.6729376476722737,1.1856051950888058,-255.98934,191.33
121,Hufflepuff,Roslyn,Willard,1999-06-01,Left,71073.0,669.527250312736,6.207391297817705,-3.172524240491686,3.562,-794.9650611089842,231.33778631967894,2.7662778790451568,1074.1013317866928,4.1439978913610735,0.8981661727716032,-245.46754,-7.73
122,Gryffindor,Eleanor,Knutson,1998-05-19,Left,38036.0,898.7636022158566,-5.936644455635227,-7.007163980592363,4.238,-416.1545900734893,810.1304046235463,-4.244317072583536,927.4439068433946,3.9520325024304137,0.0234449086414449,-254.96557,217.34
123,Gryffindor,Sally,Clanton,1997-06-20,Right,49135.0,874.2199282943294,-6.944504088196329,-6.596600182110107,1.743,-890.7471969127176,724.9202620644805,-5.153064647609686,916.8758938271952,3.557049173201589,0.6952786948281361,-259.86678,231.29
124,Ravenclaw,Gerry,Oakley,1998-11-17,Right,53893.0,108.71298566171268,4.1658480591910045,6.208713282233338,4.596,481.4180104694406,732.7804180453259,5.650401721787041,1048.6447734740786,6.093897156525425,0.678998196156056,-231.10206,-36.93
125,Ravenclaw,Beatrice,Gable,2001-09-19,Right,67657.0,236.19040941685714,5.762580118902662,4.0762853708708375,6.242999999999999,517.6337442795908,797.0070989735271,6.032569433895826,1048.5263892328285,5.7148108983655455,0.6388147250856527,-230.8486,-37.83
126,Slytherin,Darren,Elston,1997-01-06,Right,27800.0,111.92807891444549,-3.466066627086846,6.154931566320022,-5.8020000000000005,-554.2027586621593,196.48214634208864,6.108642124778656,1045.17825453346,10.71809194803796,-0.0929736224483799,-247.44911,-42.45
127,Ravenclaw,Lyman,Willey,2000-04-12,Left,63813.0,207.06277504404576,5.0393780650884255,4.563529140778276,5.223,561.8444385473957,681.9739679931563,6.880623812509638,1066.849524175419,6.425223054677824,0.4732144524309125,-231.30792,-77.09
128,Hufflepuff,Antonia,Xiong,1998-10-13,Right,43656.0,836.1853084994551,1.991310298353456,-5.960361368526633,4.277,-492.2840618772685,288.00879316886767,6.405409119636648,1053.9966684218982,8.936894251270814,-0.6268772621710579,-246.32435,-17.19
129,Ravenclaw,Madeline,Goddard,2001-09-18,Right,36849.0,228.046707675372,8.108026880421598,4.2125122915584585,5.907,845.3760443642108,891.6066207705362,6.476987927266837,1072.335663586132,9.420869463426792,-0.088093342123071,-226.00382,-0.33
130,Ravenclaw,Jodi,Littlejohn,1997-08-31,Left,31333.0,157.7224167799105,5.034164387692602,5.388889067420359,5.093,538.081638350516,797.2123148540925,6.50684820699454,1073.1502205982783,10.249808583645423,-0.0140087510410963,-228.4123,-16.09
131,Gryffindor,Mickey,Callaghan,2000-06-16,Left,47148.0,682.7339343900721,-7.436157194389994,-3.393444156453839,5.323,52.49786005030064,655.1811932192763,-1.7428296074607,970.3993530724808,2.639611936023288,0.1244495487565391,-250.57923,69.78
132,Gryffindor,Walker,Crawley,1998-05-28,Right,34109.0,871.1436224757342,-5.133034440814131,-6.545140086681293,6.178,-189.740259123724,723.2355165900557,-3.854573129106172,947.6764785031172,2.3634688081838697,-0.2465076611155169,-251.755,173.0
133,Slytherin,Darrick,Lay,2000-08-25,Right,52506.0,237.9204718860066,-6.055030137280277,4.047345081767558,-6.7929999999999975,-398.4047487993308,245.60369177638322,4.071324704798399,1057.5601064105224,10.551311601216089,0.3702162640807765,-252.83402,-66.61
134,Gryffindor,Earl,Coyne,1998-06-08,Left,62934.0,576.4541473378706,1.8740908683769504,-1.6156079118252151,7.669,-730.0647223707056,487.44331092126686,4.689469131854428,1067.0929618146442,7.659183587736948,-2.169187647996498,-241.2211,-26.78
135,Ravenclaw,Sabrina,Ackerman,1999-08-02,Left,,124.72105268499863,4.3239253162047895,5.9409321495287415,3.875,681.386800683266,839.9962702375229,2.638283138349562,1048.0228380218944,5.952052717360675,-0.4193068251103902,-231.30204,20.28
136,Ravenclaw,Brandie,Bozeman,1999-02-05,Left,65778.0,112.60830042019907,4.774831278514762,6.143552897987628,3.866,660.0111728604699,751.0443531011264,4.442950177030841,1047.1758125694846,4.325515582599387,-0.3086355000990241,-231.95398,-38.2
137,Slytherin,Mariano,Hutchings,1999-07-30,Right,61741.0,96.46106314094989,-5.075863332259893,6.413662054976883,-4.507,-691.0864133256558,69.52706081590746,7.927912822572154,1039.0354997195136,7.602147756933513,0.1928417937520665,-249.54664,-135.05
138,Gryffindor,Robert,Stewart,1997-03-17,Left,65129.0,623.9454606749334,-5.950611366563268,-2.4100372242792814,4.133,-448.32948148773806,834.2800563741508,-5.3605446640406775,952.6171948798748,1.8404335866292385,-0.1492130896294654,-252.69629,159.55
139,Hufflepuff,Julianna,Meadows,2001-01-30,Left,58803.0,749.0418607714711,4.854563901008818,-4.502635641464212,5.186,-577.7900388211343,345.06794455569826,5.850724750101574,1051.705801539807,6.764245970586583,1.4418422780244342,-243.66953,-8.84
140,Hufflepuff,Janell,Crawley,2000-12-24,Left,64611.0,697.8810679829929,-0.3354566811484139,-3.646823692211656,8.482000000000001,-648.1175467989767,328.9668651919901,6.386191110013845,1072.820548698867,7.376680307965637,2.880593796393172,-243.60355,-89.81
141,Ravenclaw,Kelley,London,1998-01-03,Left,19537.0,193.79779193995918,6.450852835832811,4.785424276259195,4.168,253.3498632217527,723.1137582361157,4.473924278166262,1051.9048013823713,8.383659211168073,-0.6231186311887168,-230.22301,52.82
142,Gryffindor,Lee,Yazzie,2000-08-24,Left,56513.0,734.673558221238,,-4.262284303207882,4.021,-525.993656035956,671.3161352978346,-5.028683796248044,941.2359511854204,0.5593904838279316,-2.053440025151801,-255.06362,159.28
143,Ravenclaw,Young,Headrick,2001-10-10,Left,62745.0,180.76339677737133,4.522925059797776,5.003462162762287,5.466,417.0304170296648,636.9116990371512,5.357666476228767,1041.285438652725,3.4959204040497984,0.3640424784974949,-232.55704,-50.32
144,Gryffindor,Rebekah,Brannon,1998-08-25,Left,37094.0,897.9970359465347,-5.931147528273892,-6.994340946831101,4.262,-708.0559808857852,630.9099636521734,-5.271279160917052,917.2162748931676,0.896571582709897,1.631620847957478,-256.99366000000003,219.96
145,Ravenclaw,Morton,Oconner,1999-07-24,Left,75922.0,188.06013984373305,6.7386666647013485,4.88140307089801,6.182,350.3468317270342,987.4830417665675,4.1235390926967135,1030.1334005385702,5.496187683039683,0.1232490230814693,-230.55533,25.83
147,Hufflepuff,Penelope,Mccullough,2000-03-29,Left,55588.0,798.4558660823692,1.8247573606304552,-5.329227527566095,5.593999999999999,-548.2195910686082,258.91849800718114,4.384626264968918,1063.5312457356183,6.1648007805878695,0.2728894752718836,-246.37458,-32.35
148,Hufflepuff,Joni,Partin,1997-02-12,Left,50463.0,782.3811212058491,5.606907033703479,-5.060331015281982,6.751,-550.4619347648818,240.52171100923448,3.184293518179324,1052.5002900906134,3.0116932116422293,1.3075839424332134,-243.35089,9.27
149,Ravenclaw,Buford,Ivy,1998-04-20,Left,64402.0,148.9202995683824,5.829789257722198,5.536129887543924,4.605,581.4340636117353,728.1231150204559,4.3291885793934535,,4.243288373854851,-0.8519385626847149,-231.36291,-34.08
150,Hufflepuff,Ivonne,Mayer,1998-01-24,Right,46635.0,855.2270483569451,4.5782592017167785,-6.278889436924134,3.32,-335.08289914070025,177.87293399090683,5.564250343488567,1038.9517955215608,5.053599892056539,-0.4469385506320816,-246.63226,-5.97
151,Gryffindor,Winona,Bruns,1998-10-27,Right,60599.0,664.6372880054857,-5.333889889816991,-3.0907255046659605,4.836,-627.9039439335535,838.4741163706077,-4.298314964771218,967.8996140286912,4.132186158674813,-2.2558373555326,-251.85032,158.5
152,Gryffindor,Leola,Villasenor,1999-08-12,Right,46160.0,886.2847583930868,-4.912571714070925,-6.7984192940012695,5.681,-384.9977232044241,782.871769098882,-4.5572470452792135,930.9009871592272,1.8035303436190817,-1.176221103394108,-253.6089,199.79
153,Ravenclaw,Judi,Hilton,1999-01-27,Left,48223.0,135.59167718863154,4.003452607976681,5.759089573622807,3.919,25.33557664598388,618.6397775693371,4.297150738769481,1020.4671382139734,4.054978019420945,0.8114606625334025,-234.3949,11.07
154,Ravenclaw,Missy,Buckingham,1999-02-04,Left,54642.0,219.90318282251081,8.329428738759091,4.348736253273205,5.509,593.6318604851202,725.6609464489912,3.748921775222673,1044.926704277476,3.062876741645712,0.7742815017641205,-229.91745,8.33
155,Gryffindor,Cortez,Mccurdy,1998-01-08,Left,68050.0,743.0720721288687,-3.3908257104685933,-4.402773692960513,5.492000000000001,-323.26431977016614,997.8763359140067,-6.089651394647522,959.9463857061772,2.878407981504705,0.5853874298883719,-250.91132,198.78
156,Hufflepuff,Bobbi,Barber,1997-01-05,Right,33160.0,819.584030830054,9.539765260095166,-5.682657075298152,2.167,-383.62330135549576,58.45448947455143,5.6749585017776285,1032.9506922864744,3.1400199077890605,-1.7275506974811448,-243.99712,33.44
157,Slytherin,Jayme,Barone,2001-05-02,Left,35798.0,189.7579174220721,-5.371740486961238,4.8530028397928575,-4.92,-486.87266889318886,250.0424449474391,5.6328565823495484,1055.7934514130009,11.559910082583349,1.1924750921419065,-249.02037,-61.1
159,Ravenclaw,Barbra,Faulkner,2001-07-07,Right,41043.0,152.79166638064183,,5.471370101831268,5.096,526.4123039681158,734.5903268817974,6.210525530447399,1055.406338813185,6.401681099092077,-0.3482385118852376,-227.3222,0.35
160,Ravenclaw,Nikita,Mahoney,1998-08-26,Left,15477.0,0.0,4.1000653195164505,8.027251797710928,1.984,739.4053342894932,735.0992435572875,6.9175239153627786,1099.9660726189595,12.683524541370176,-1.016235144954535,-227.53935,-40.63
161,Hufflepuff,Doreen,Grace,2001-05-05,Right,45214.0,814.37524788118,3.097656088249955,-5.595525143876769,3.523,-872.9247653172893,360.87363630316224,3.86231877307412,1077.3947317828906,10.64913583619446,0.1411786818648122,-247.06216,30.77
162,Hufflepuff,Lashawn,Linville,1998-09-30,Left,56217.0,780.9535250001335,5.77814176787996,-5.03645034758767,6.734,-485.583809095322,133.09930839479955,5.331219772076959,1051.7583762912786,2.295320472717175,0.8074782109691876,-243.19253,-39.5
163,Hufflepuff,Hugh,Tompkins,2000-08-27,Right,65980.0,739.8338751973688,1.7576005288619,-4.34860550132462,8.289,-559.237935448842,166.33358299280093,8.266109767316415,1068.1303324420594,5.4648113278153225,-0.5643577400920806,-243.13059,-120.87
164,Ravenclaw,Ola,Pollard,1997-08-15,Right,59848.0,120.64679822943498,4.197646227459597,6.009085816767303,4.81,657.7032414582711,862.2789614070466,3.604083133111136,1050.269391182223,5.652432633177358,0.9853098579235255,-231.05232,-12.86
165,Slytherin,Will,Bond,1998-04-15,Right,56953.0,194.2780865563954,-6.41341844932626,4.777389962295234,-6.916,-700.3580391564171,62.5532826025257,3.9760394666519945,1093.9630397397625,10.540106613457963,0.4808170334908698,-253.81839,-117.11
166,Hufflepuff,Marc,Cintron,2001-03-31,Left,32456.0,853.7956179959659,5.455957217112862,-6.2549446319146815,5.721,-500.10383309169634,243.6615023311704,6.526342016934416,1044.504687248829,6.982706681393879,1.3459734812907278,-243.04548,13.61
167,Hufflepuff,Angelica,Sells,1999-07-17,Right,62390.0,717.3134877925875,,-3.9718870106144974,4.013,-291.196510152423,185.67335803025426,4.454822645346632,1034.6866690851475,1.2053392445812758,0.2282887259978649,-244.03618,-13.66
168,Hufflepuff,Nigel,Ramsey,1997-07-16,Right,53445.0,769.4482598337108,4.203017130955123,-4.843991574529698,5.1720000000000015,-639.4746194326751,273.7396920284609,1.1427190116176609,1064.335722205506,3.965257257847964,-0.134244563767563,-245.99286,24.72
169,Hufflepuff,Davis,Kent,2001-09-05,Left,44524.0,826.3629758281313,3.357706250834993,-5.796054499702157,6.053,-772.4004764774776,182.93063035827822,6.242686097727067,1073.635283072214,7.912257731965183,-0.3506032853958507,-244.91981,-33.87
170,Gryffindor,Wilbur,Dickerson,1999-08-27,Left,55663.0,824.5844086297841,-5.47903050074722,-5.766302828980647,5.0680000000000005,-473.9059846814489,725.034768479666,-5.422714922410719,919.5554701623212,-0.5892572277394192,0.4109862249895349,-255.11295,192.23
171,Hufflepuff,Ahmed,Krueger,1999-04-07,Left,60182.0,627.9545865655707,2.3027050297941694,-2.4771014282577206,7.178999999999999,-505.1198033533603,442.01348411203776,5.795894652148252,1049.8279652994893,6.666218032423076,1.358369979472016,-241.49064,-32.11
172,Hufflepuff,Britt,Chestnut,1997-11-01,Right,75292.0,694.8261936097584,3.494188621529301,-3.595722099574328,6.28,-766.8375568497268,271.39328526703025,2.652524558699448,1078.720899927028,4.002506749550854,0.2326493370609983,-245.30253,-39.34
173,Slytherin,Jeff,Fortenberry,1998-03-02,Left,,139.75533908557674,-5.472431237885284,5.689440308827683,-5.104,-471.9339753362064,166.43414276092554,5.292094434692193,1048.196607598945,8.115084197300405,1.886904215317331,-250.26995,-97.87
174,Hufflepuff,Marcela,Rhodes,1996-11-27,Right,73866.0,666.8762369238834,4.271042987298464,-3.128178388675264,4.809,-405.2703374745577,326.0943449555605,5.015356162582252,1045.414715466429,3.871008292430093,,-244.1159,-37.08
175,Gryffindor,Gayle,Lister,1998-07-27,Left,62602.0,703.2110439757932,-6.9817181005811015,-3.7359829271501535,3.09,-283.12343401283454,774.8392897708895,-5.503918319145535,927.3260349074284,0.2654557276058709,1.5250403432356725,-255.47823,167.38
176,Gryffindor,Jerrold,Steinberg,1998-10-11,Left,66972.0,803.3893537341846,,-5.411754350427693,5.447,-512.7203521084102,934.441594907177,-6.966380297433593,,1.2126371810257126,-1.6372194447860875,-252.93477,225.98
177,Hufflepuff,Faustino,Biddle,1998-12-31,Left,61219.0,708.2721004899067,8.228581844190664,-3.820643707496705,2.2230000000000003,-364.63605824626313,367.2167404179075,2.322121648096703,1026.8491774579147,2.6850456963594804,-1.6050726821850094,-244.52793,66.09
178,Hufflepuff,Yong,Gale,1997-10-22,Left,58021.0,740.5178626598802,3.635899105673938,-4.360047166155272,6.2479999999999976,-778.1839390956703,314.5909496358673,6.69605024390204,1070.2047180785278,8.421425574064598,0.1443850597858327,-243.44107,-37.54
179,Slytherin,Petra,Donnelly,1999-07-13,Right,42755.0,178.06703414524065,-7.785614437871232,5.048566611585746,-4.993,-500.78591682116206,199.36102313434333,7.716462636229776,1056.1031517935742,12.513923205900085,-1.7286454572940555,-250.33298,-115.78
180,Ravenclaw,Stacey,Wampler,2001-06-28,Left,67592.0,63.27815596279179,-0.4432936342331209,6.968741969227188,3.147,287.0031127157967,867.1385759781879,5.7130712053101975,1030.379522759308,8.414680634866793,-0.7038642426467554,-235.30407,-38.58
181,Ravenclaw,Austin,Turner,2001-02-28,Right,38322.0,134.644333358496,6.167242320633433,5.774936633953415,4.565,,818.6543343804393,4.6322825758501525,1066.7008736291896,8.942152540706443,1.5048036540385823,-229.43749,21.16
182,Gryffindor,Gena,Lehmann,1997-11-05,Left,51336.0,899.2104574668613,-4.517951911734638,-7.014638924637447,4.474,-544.5141030546214,897.5174047765381,-4.439641148505197,950.1956017070496,5.489077724617776,0.3427583402916986,-254.22188,215.39
183,Slytherin,Cruz,Dunlap,1999-03-18,Left,30584.0,145.43611342585274,-7.150468797778532,5.594412958850602,-5.8020000000000005,-477.1471336632116,201.1727989965657,6.646288592022293,1064.9984648512798,13.123854089466295,1.9678691497092464,-249.59082,-89.95
184,Gryffindor,Deena,Dayton,2001-05-04,Right,61647.0,777.8388503859676,-5.5710893816027856,-4.9843484232907285,3.683,-827.0786140761974,727.198367636197,-6.092954128618015,929.432095323234,0.7286995747201424,1.757959748796636,-256.83673,204.65
185,Gryffindor,Cathrine,Kincaid,2000-10-04,Left,31877.0,823.7607786077988,-4.676090117054235,-5.75252523922569,7.065,22.827861923580706,789.9298980192491,-3.446865946912624,962.4473289494812,3.1764555554907568,2.279751979458241,-248.76868,157.73
186,Hufflepuff,Alberto,Macon,1998-02-27,Left,55787.0,678.8041962892994,4.541814885578456,-3.3277079424358336,5.311,-316.33086721982284,141.80330311956072,4.79213188346934,1044.199233885082,1.5895507566469085,-1.7006484231743677,-243.49271,-44.76
187,Ravenclaw,Josef,Rountree,2000-04-10,Right,43216.0,198.79674566867251,7.129708744927084,4.701802344275434,4.558,140.68873645924558,681.3361247903312,5.4198231848151135,1030.4772782080047,5.558672982622942,0.3094962476247081,-231.42082,27.41
188,Hufflepuff,Vito,Nye,1999-01-30,Left,55357.0,709.8258209912492,4.882467099535238,-3.846634168128253,6.6960000000000015,-510.2369957847502,295.2388662890183,4.344308475478541,1049.3923783209286,3.816750734304024,0.0860801413660008,-242.39238,-9.65
189,Slytherin,Andrea,Ogle,1997-07-04,Right,28764.0,175.74783596300725,-3.28784685738592,5.087361896194532,-2.897,-508.2544031661142,350.925292119346,2.471824344837978,1066.0088731968433,10.244472332104634,1.824432886192275,-246.06914,-6.12
190,Gryffindor,Gonzalo,Godinez,2000-12-08,Right,58703.0,825.40717420775,-4.685091310066417,-5.780065958413927,4.283,-346.61562498687346,896.7113795607606,-4.847640090961863,954.2756935608628,4.06969016367077,-0.6125642066906111,-253.47023,190.7
191,Hufflepuff,Linwood,Cagle,2001-09-11,Left,,874.7002935076775,6.7950925508751245,-6.604635677011218,3.276,-301.77424917251585,321.71090272379246,5.8276473895036975,1021.0119229251676,7.035913044336482,1.6575314609058678,-243.88,69.79
192,Gryffindor,Whitney,Trowbridge,1997-08-20,Left,59410.0,954.6943219490805,-4.180632955919542,-7.94276672771728,5.478,-539.4655200688401,715.4861090102022,-5.930065159885174,916.2609276573304,-1.1620598643710798,1.30680921937155,-256.44831,212.72
193,Ravenclaw,Felix,Gibbons,1998-12-30,Left,40142.0,377.92490977131115,2.8292555071714744,1.7053666963658598,6.572,174.56443447155658,710.2300777577983,5.710041874719044,1035.1450569689032,7.675285658710588,-2.2774422081873777,-234.39324,4.16
194,Ravenclaw,Harriette,Barnette,1999-02-21,Right,63740.0,21.777688114072888,1.9159440263531309,7.662957096646084,3.619,765.4272955554413,729.643277835699,3.928726898310092,1062.8185925914431,4.782028371614811,-0.2199025736757237,-232.29017,-74.65
195,Hufflepuff,Venita,Brackett,2000-04-10,Right,55200.0,756.1435006012591,5.174971990554681,-4.621431068477008,6.32,-615.7726814028996,168.13304067626555,5.186142018554695,1061.745467596074,4.0140383645023725,-1.5868724431788976,-243.5029,-34.89
196,Ravenclaw,Scott,Huffman,1997-06-13,Left,76140.0,246.5084947500612,4.473684022056445,3.9036856076483977,7.899,720.1588057043163,960.7285847868809,5.281435781716749,1066.1206643110318,7.005940277954947,-0.8644593108654517,-229.64563,-52.16
197,Hufflepuff,Vicente,Barth,2001-08-10,Left,67916.0,779.712571627702,3.310217074160841,-5.015691820076517,4.673,-552.043070654828,353.6238648006954,3.0473622110661363,1057.5963438699732,5.4202828521043855,-0.1892629645513319,-246.7343,-2.85
198,Hufflepuff,Rena,Broderick,1999-09-11,Right,46740.0,695.3354974701509,5.282763296777874,-3.604241676886714,4.208,-307.0334704880238,236.62416548171856,5.454745622811894,,3.7756169211021895,-1.9022443138273049,-243.10303,-3.86
199,Gryffindor,Frances,Benge,1998-05-22,Left,55037.0,841.2048417741519,-4.183731469115132,-6.044327552825558,5.206,-595.4382312161854,796.2541935334527,-7.189090352333447,916.1654671596297,-0.9192923705005837,-0.7622053515198823,-255.02709,240.15
200,Gryffindor,Jason,Thurston,1998-12-29,Left,18270.0,862.6203528225087,-5.281586057489824,-6.402563796941407,6.1560000000000015,-295.9378606023917,815.817643302786,-2.410512779278819,964.7650581585208,7.167555209162122,1.0838316178755247,-249.85009,188.18
201,Hufflepuff,Fabiola,Seale,1997-03-09,Left,57631.0,777.5958520080649,5.6884242444195445,-4.980283573937869,3.432,-287.31390746748264,294.5766905590831,2.9087040713663166,1031.8248319637914,2.7735767011534898,0.0732618669941787,-245.78106,28.26
202,Ravenclaw,Santos,Allison,1997-09-20,Right,39681.0,206.62552620990667,6.3175103205053125,4.5708433897696885,5.023,581.7647488958453,686.1658511254996,5.248710454714536,1062.719839572742,6.374549335849929,-0.6104805220823194,-229.88836,-16.28
203,Hufflepuff,Zachary,Batchelor,1999-05-21,Right,46334.0,710.0269482291266,6.2457958700660825,-3.849998601791492,4.181,-456.4544177571785,317.71441900474935,3.3081412954072835,1039.9762124595034,4.231481207213624,1.0054214007457132,-243.29418,41.49
204,Gryffindor,Alvin,Rowland,2000-06-01,Left,52507.0,791.9083223645463,-3.3830619389996164,-5.219700957578535,5.964,-616.3308147949459,809.1065113164761,-6.773229992367034,949.4632982899252,0.929321628712844,-1.2833916301087211,-252.38608,218.13
205,Slytherin,Xavier,Ramey,1999-12-29,Right,66607.0,292.2240534420465,-3.3837829857272728,3.138960917843188,-4.14,-391.7315482674834,394.5788528009695,3.5354167115134665,1023.1685873937772,7.519111269967014,0.5096848600244432,-250.71695,-23.32
206,Ravenclaw,Damian,Keener,1998-06-19,Left,76876.0,107.0777308083423,4.5514443427921485,6.236067640274142,5.107,646.5690275396364,868.0643575600822,6.169019861305884,1048.1003441185364,6.012624816640093,0.0979634288625983,-230.51163,-58.42
207,Gryffindor,Courtney,Knowlton,2000-09-12,Left,37371.0,890.1632634659939,2.326176481636315,-6.863298487729829,6.617000000000001,-439.0772435358112,480.7768425724969,3.5602857403605164,1042.064679112409,8.259000598866862,1.1615035084227174,-244.82688,52.4
208,Gryffindor,Eddie,Oreilly,1997-12-25,Right,66576.0,752.114692221154,-5.6149848171740295,-4.554037618043236,5.29,-201.40442873147944,794.3677616923204,-5.100768890918362,927.7428546246632,-0.8879602963042661,-1.2749389719805606,-253.38955,159.15
209,Ravenclaw,Horacio,Oliphant,2001-09-24,Left,92644.0,263.7571764629869,3.825196982648962,3.61515161288004,,712.3453801205478,962.2257202065701,4.400022730336119,1045.5666567049632,4.684445559940242,-0.0325120068131275,-232.38406,-51.31
210,Gryffindor,August,Mackenzie,2000-01-24,Right,43001.0,804.5969090047755,-3.5579317472209446,-5.43195419827265,6.3260000000000005,-374.79661803714,824.9333039549584,-5.584269066477841,961.7343214641012,2.5783181111819395,0.1872698429209508,-250.56432,199.63
211,Hufflepuff,Dovie,Cortes,1999-11-06,Right,79633.0,658.4661889052159,5.6696916199927605,-2.9874960576191194,6.0360000000000005,-830.7095795143837,129.83954336881058,1.9482673959804584,1085.7045918493536,1.0955188826306133,-0.4113344163362677,-244.87229,-50.8
212,Slytherin,Lindsay,Pratt,1999-04-08,Right,54055.0,146.0343926888836,-1.8644020894451645,5.5844050110768295,-6.025,-300.2346729803942,299.94902007011825,2.950874250377693,1016.2341919581452,5.601696501313107,-0.6283459818504091,-249.08981,-8.41
213,Ravenclaw,Missy,Browning,1999-04-09,Left,42055.0,156.47324940004972,5.499908278905278,5.409784997917786,5.09,655.2571482257662,771.0067042785098,5.845055170313318,1073.6746991975538,8.228260239381434,0.673184738926305,-228.78752000000003,-31.78
214,Slytherin,Eddie,Haag,2000-03-28,Right,43842.0,177.28269983844424,-3.4644596819908213,5.061686867066155,-6.242999999999999,-791.2411317496628,138.05823089523085,4.272757834729165,1076.5394455843316,10.7154211644288,-0.8161110907731912,-250.55633,-58.07
215,Slytherin,Brendan,Robledo,1997-06-23,Left,33434.0,149.92297284872785,-5.910815344634688,5.519357282434701,-7.0420000000000025,-318.16833420601944,244.68899793779835,5.298179273961294,1048.9967119593523,11.50533354917554,0.074746073309974,-250.17441,-55.81
216,Hufflepuff,Ilene,Blodgett,1999-09-21,Left,36200.0,888.7670028369839,3.4652095563372294,-6.839941998014788,6.178,-783.0655804179646,355.53363960264846,5.9526790158428025,1067.6126468653597,10.720730199755137,-1.2458007838992848,-244.53807,18.93
217,Hufflepuff,Jesse,Stamper,1998-02-06,Left,37464.0,893.6921706730134,3.1043165480713384,-6.922329647939904,7.186,-728.594235676584,461.88513960441657,8.329385059175253,1056.3013290114916,12.635441649272805,-0.1512746521785997,-242.82406,9.72
218,Gryffindor,Brock,Creighton,2000-09-01,Right,68864.0,819.0339297937987,-2.8768341874737025,-5.673455047447059,5.015,-670.8139363300671,915.4244113720358,-6.978636890352828,951.981827290564,2.0978234711778443,0.2217969076642309,-253.75042,226.94
219,Gryffindor,Earl,Kuykendall,1999-04-11,Left,43064.0,813.9590094100405,-5.266087684719898,-5.5885623538587845,4.939,-498.4630689282701,757.08471719268,-4.417842781271294,952.9981877465432,3.48966945237006,0.1496069215446491,-253.19365,184.74
220,Gryffindor,Theresa,Chau,1998-09-06,Right,48238.0,628.2584238878309,-4.938660821429145,-2.482183984583506,5.776,-360.6352446930823,840.8985957281817,-5.899795735780209,956.9696365880324,1.562883922560654,-1.980167534158044,-249.77592,180.73
221,Gryffindor,Kellie,Eastman,1997-04-01,Left,48579.0,711.7838221914426,-4.14904764580421,-3.8793873905168166,5.392,-540.5481631525205,863.423588502149,-6.502501843402129,955.0885437472951,2.341047837041854,0.4547121767091217,-251.33046,213.86
222,Hufflepuff,Alexis,Stegall,2000-05-26,Right,48473.0,828.3572572280237,6.797273918727447,-5.8294146131635785,5.003,-484.622217125653,204.58710690783914,4.087835974391503,1045.4839414247742,3.4972137360567768,1.8117773802069448,-244.32685,18.31
223,Hufflepuff,Beverley,Pearce,2001-11-02,Right,40680.0,818.0197483787202,3.2438113357624614,-5.6564899355629965,4.4510000000000005,-236.8124012102708,108.18853355922651,9.712202954425347,1035.9221587295938,6.447401264349584,1.418664829982607,-244.42037,-70.65
224,Gryffindor,Jarrod,Mcmurray,1997-08-15,Left,38058.0,728.5507710959433,-7.422155986348564,-4.1598630134084615,3.676,-491.73045179854967,699.3941207117805,-3.706275168345616,941.4903214305484,3.513493594079204,0.5028554993971134,-254.25085,167.4
225,Ravenclaw,Sharyn,Doran,1999-06-20,Left,47052.0,131.15883424549386,5.979136571548564,5.833241668481497,3.913,149.70994094374632,767.1714465123746,6.411008154608499,1029.6725187012808,7.456855447836622,-0.1984012313449484,-231.13309,17.25
226,Ravenclaw,Salvador,Montes,1996-12-31,Left,25131.0,253.55069717297414,6.400563134541515,3.7858844428482015,5.311,269.37797625720015,746.0900390287909,5.893457811670087,1051.1933719510937,9.02259067455849,0.2981392522814545,-229.86985,33.51
227,Ravenclaw,Shannon,Lavender,1999-11-12,Right,36984.0,153.92938409780518,4.1078410416253535,5.452338488672919,4.9460000000000015,932.7762693613388,873.0981503479974,2.681173220919102,1076.9089651122576,7.591949282985326,1.0441392265600908,-229.32408,-1.37
228,Hufflepuff,Maria,Farr,1999-06-27,Left,40072.0,702.9855948677767,4.271036402639528,-3.73221163999699,5.002,-637.7485029296362,252.4178447727946,4.038579206270984,1060.2022638678518,6.040993150473225,0.7846160371761511,-243.56357000000003,9.61
229,Hufflepuff,Denise,Gerard,1998-10-14,Left,32576.0,923.0134733692576,6.429565336172399,-7.412813079634263,3.6,-263.6330359675032,105.75277457064902,5.641383899512283,1029.391797807889,3.9285326254636814,-0.9386824925857218,-245.74333,19.24
230,Gryffindor,Breanna,Begay,2001-03-24,Right,45793.0,775.7247253770539,-5.850387706637052,-4.948983579506496,5.395,-234.0294547318485,716.1834004114621,-4.0288313482353,947.5802995758966,1.5504621089129769,0.5769039918669374,-252.3468,151.62
231,Hufflepuff,Gilberto,Mattison,1997-04-04,Right,52220.0,685.2433681081831,,-3.4354216795679915,4.961,-337.175946062572,110.9011645984188,7.212378484136535,1043.519719463326,3.2138643163935074,-0.155434105901725,-242.72322000000003,-62.14
232,Slytherin,Scott,Comeaux,1999-01-28,Left,20471.0,84.14411092455963,-6.499765439478615,6.619698637106107,-2.587,-614.3981264275208,166.57135744168698,8.620109378152598,1060.4011836644663,12.621318995583842,0.8179309744998117,-245.15636,-107.39
233,Ravenclaw,Rosanna,Stull,2000-07-21,Left,48079.0,154.28334182423828,3.504713187885125,5.446417523900851,4.494,424.6610448179932,709.315687542449,6.0108040125562905,1054.204647271474,7.389975631009612,1.6050641122165816,-231.91796,-37.85
234,Hufflepuff,Lindsay,Bunting,1999-04-28,Left,27792.0,863.0607955987853,7.518916509409047,-6.409931473835273,6.715,-519.690041085096,276.0442024331222,2.5647044014040588,1040.8903360675672,3.7655653024572167,-0.5424094301450127,-242.21502,77.56
235,Hufflepuff,Lydia,Diamond,1999-05-17,Right,23061.0,938.2657049275685,6.231165326031853,-7.667950682257753,4.598,-185.70217090545864,141.11869686203383,6.201855665551291,1020.2343359436052,4.300142999362108,0.7337669219090479,-244.36499,29.9
236,Hufflepuff,Enrique,Wallen,2001-05-22,Left,40193.0,793.4315701432414,6.001477007163812,-5.245181673955809,6.166,-584.5051074500152,319.0336998868833,6.445897262071752,1047.6310585911338,7.24503625376955,0.4850774914597592,-241.77277,15.59
237,Slytherin,Quincy,Cramer,1998-10-14,Right,51040.0,136.6307628593036,-4.706206141293031,5.741707866170874,-4.466,-634.051639367051,135.1610401702472,4.716766184865327,1065.2902241002648,8.515888871180426,-0.2486289375467153,-249.45599,-93.0
238,Gryffindor,Rolf,Naranjo,2000-02-28,Left,43498.0,881.3864959002777,-4.118382075576998,-6.7164817136112775,5.412000000000001,-710.8029369541061,797.7213315912542,-6.0459610655156935,926.814277556906,1.7825912291874608,-1.3594523906472005,-254.41485,245.95
239,Gryffindor,Marion,Cochrane,1999-06-06,Right,56145.0,671.1577418419477,-8.478921670717476,,2.524,-690.9288463435719,641.390992755427,-5.242965022490002,906.9320504965,,-0.7886098040048669,-257.92025,175.63
240,Hufflepuff,Gene,Legg,1997-06-08,Right,63239.0,811.4272526865112,1.639450970328764,-5.546211414037443,6.815,-670.3219090784363,261.7030375598782,4.1197406747993455,1073.2846515673998,5.955246048329103,-1.7649462171630776,-246.35342000000003,-46.23
241,Gryffindor,Burl,Hildebrand,1999-10-18,Left,37917.0,803.5502859966282,-2.5571931780956967,-5.4144464070928215,7.152,-288.92910576687814,991.391962499364,-4.756293789971756,983.8013621475716,6.325271647037343,-0.1520689694149413,-247.31316,209.84
242,Hufflepuff,Milo,House,2001-03-22,Right,72859.0,562.887313974493,4.630334015716064,-1.3886634593828855,4.473,-478.7364196496672,110.43938334841178,2.8793863715689976,1060.844238230742,-0.1030000868190814,0.728244254906072,-244.37574,-61.72
243,Hufflepuff,Gregg,Lay,2001-01-09,Left,29600.0,803.3100249591403,6.299999391010473,-5.410427347660493,6.0820000000000025,-581.6271233491634,360.7281492813963,2.2276691374615623,1045.103348196454,5.411169193405494,0.7983713086893884,-242.50967000000003,83.34
244,Gryffindor,Mimi,Staggs,1997-05-17,Right,46447.0,651.059219927725,-4.049190772921213,-2.8635931191934434,7.334,-427.0868797512077,768.6934684941557,-5.779638393056332,963.1113713981164,0.3560216841561088,-0.2676558826547052,-248.59687,169.16
245,Gryffindor,Brian,Murillo,2000-05-25,Right,52599.0,886.2355986107046,-4.69353179038772,-6.7975969547275366,5.0760000000000005,-298.0493409319925,824.7149752296846,-5.2637493415122085,931.949870156872,1.5467141136962768,0.0530594224756474,-254.12502,204.36
246,Ravenclaw,Cori,Baylor,2000-11-27,Left,22427.0,154.41460890554131,5.30068612880605,5.4442217030270985,3.58,152.4707994172014,709.7352207654537,7.150509305552727,1045.029880151129,10.183908294649614,0.0827429718973028,-230.4894,22.1
247,Ravenclaw,Marcella,Edmond,1997-08-10,Right,48405.0,246.38222387597907,4.128120580248943,3.9057978525334383,4.675,274.0002167808532,686.6722405439868,4.762237170053499,1039.1033212013913,5.948648491595128,0.0006098853380942,-233.8594,-1.67
248,Hufflepuff,Douglas,March,2001-10-13,Right,59880.0,825.7429849048195,,-5.785683361733439,3.856,-580.8024205786147,16.280346381810617,,1067.2127332400717,4.034518709356724,-0.1459830215973379,-246.97036,-64.35
249,Hufflepuff,Deangelo,Fleck,1997-04-30,Right,28643.0,938.7388968503335,3.9579577863052537,-7.67586618316616,4.93,-383.5068528409506,216.8408600685931,2.445030158747501,1044.3372788305585,4.861731143902452,0.0017767770659683,-246.829,49.13
251,Slytherin,Agatha,Irish,1999-01-13,Left,42315.0,174.08215004918958,-6.676730914360593,5.115225301569045,-5.875,-387.7021081838295,207.1721416246675,4.124559546105174,1070.4232462132247,10.768984186153666,-2.661687805746046,-250.9639,-82.46
253,Gryffindor,Billy,Strom,1999-09-27,Left,43193.0,712.5944457225694,7.744288100349316,-3.8929474091653113,1.409,-582.6964947532814,466.0622747579162,4.889419168878336,1036.426104537549,8.988745971034161,0.2088692834169324,-243.47096,87.48
254,Ravenclaw,Claudette,Plummer,1999-04-22,Left,44817.0,122.87743415518281,6.871275583829093,,4.166,540.3556826667801,801.2674948122086,4.426972874405911,1056.123904884444,6.6927651165185935,0.7393938183845199,-229.28479,12.19
255,Ravenclaw,Juli,Kong,1997-01-13,Left,50650.0,199.16749977318764,4.476472689508796,4.695600411592522,4.884,455.1671186836981,659.3915976745229,4.359340357076275,1047.6652905552005,4.610304750533012,0.9726539070756196,-232.64956,-22.56
256,Hufflepuff,Kasey,Rivers,1998-11-05,Right,60132.0,750.2805635140575,6.708942028900446,-4.523356520694138,5.886,-496.6926933714193,206.74360096275635,7.731676127624143,1045.785089718183,4.524785837648615,-0.0694408654488312,-242.00329,-43.55
257,Ravenclaw,Myron,Parr,1998-07-04,Right,25980.0,80.66423382397981,5.344403906272229,6.677909627246926,3.505,728.8438108150757,735.1228876100514,5.734314015665428,1075.4350031624986,9.01454764217232,-0.293093488062115,-228.1678,-19.0
258,Hufflepuff,Osvaldo,Ritchie,1999-01-20,Left,31010.0,785.9293649912461,5.093151852326011,-5.1196856355858245,5.495,-145.72101757468556,281.88932730254874,3.903657563099272,1018.4981509400033,2.9423819919888534,-1.0090654717658876,-242.7593,41.07
259,Ravenclaw,Rudolf,Haines,1997-07-03,Right,71744.0,147.5173124245404,7.620463446928557,5.559598897637491,5.506,538.907304642043,934.1686126067598,6.30939912676949,1051.3060702257774,7.151734266448037,0.3947871501263329,-228.41807000000003,-16.8
260,Slytherin,Ernestine,Schaffer,1997-12-04,Right,41436.0,78.88070006217082,-4.166430726428464,6.707744378079702,-4.277,-615.5471483668448,114.32513216261664,,1060.3498652028918,8.29246695888529,-0.4786413588918218,-247.5958,-87.98
261,Ravenclaw,Ruthann,Nettles,1997-04-14,Left,67091.0,210.6021568879479,4.892844198876786,4.504322762028392,5.955,892.7784023836801,821.6117975313564,1.7889096532737507,1045.6445896453702,2.009324750334705,-0.4983266443061313,-231.74333,-14.35
262,Ravenclaw,Belva,Bowles,2000-04-26,Right,39812.0,256.4321170345095,3.810346832320072,3.73768437764376,5.35,208.83214209031257,633.2901723025766,4.1449297723214285,1040.8470186064185,5.384413578604184,-1.0940883514760205,-233.78755,4.59
263,Hufflepuff,Gloria,Shively,2001-07-20,Left,63834.0,702.6535365485269,3.0463594919763874,-3.726657006028791,6.114,-388.8118890819815,250.8482677384441,7.065544786898023,1047.345221320666,4.801575374285468,-0.7979581516787366,-243.3559,-70.2
264,Hufflepuff,Jacquelin,Lo,2000-03-17,Left,45308.0,885.6921445783753,7.109013667344476,-6.788506117205533,2.189,-620.6243210073256,195.62662908898093,5.38147792242528,1052.4618241247574,7.0563628757355366,0.0459702392518127,-246.73281,30.52
265,Ravenclaw,Emmanuel,Ponder,1999-10-27,Right,40620.0,187.6709943832143,3.3082923323524835,4.887912652101847,3.548,600.8157536801909,767.0545649066391,4.610465989634673,1057.56976029186,8.141893359736773,-1.9345615002706271,-232.54501,-9.47
268,Ravenclaw,Elliott,Bustamante,1997-10-23,Left,58782.0,262.80539915904336,6.130583882769518,3.6310728358585407,5.624,,812.6564994358126,5.438643598311696,1043.158839759209,6.492364692879393,-0.20029559385585,-231.45686,-0.71
269,Ravenclaw,Janis,Myles,1997-09-03,Right,62720.0,151.37618439506514,4.726728136546999,5.495048124222689,4.053999999999999,323.19765415192063,615.558876517925,4.500212090135856,1030.0618293323028,2.6968745301743144,0.5251346675465671,-233.94682000000003,-27.23
270,Hufflepuff,Elliott,Mccutcheon,1998-11-10,Right,83660.0,629.1896789365126,5.2939920788350925,-2.4977619135995512,3.951,-887.3827375122003,240.89992581597537,3.8030581259199714,1084.2494733911942,4.896099165175336,1.624771569204397,-245.51183,-46.7
271,Slytherin,Elena,Rangel,1999-03-22,Right,53451.0,117.651677592845,-3.0098465795902136,6.059187855663461,-5.093,-567.0225573209526,151.06696329317418,2.95066292033088,1057.3743623284015,6.417391526502103,0.4213190842520208,-249.29609,-61.34
272,Ravenclaw,Millie,Freund,2000-04-13,Left,39432.0,249.25928790576975,4.088517256235616,3.8576706511892462,5.329,603.6915963851902,753.0167041001035,8.075215935055574,1069.9889550560308,10.436487762418224,0.6960270878582722,-230.09462,-51.59
273,Gryffindor,Olga,Chesser,1999-04-04,Right,41858.0,730.1688587905039,-4.499531427566456,-4.186930201160397,5.49,-732.439167548757,815.1843052468165,-6.4513501021171855,942.61606285343,2.08612293852549,0.5898141735598967,-252.23814,231.02
274,Ravenclaw,Donny,Ulmer,1999-05-24,Left,57172.0,157.22701140566872,4.936941355415955,5.397176152430025,5.079,792.8423581206616,934.4221061914429,3.6470524661214494,1056.8182821759096,6.777364097460687,-0.896181438148205,-229.93955,-2.26
275,Hufflepuff,Jeff,Maestas,1999-01-18,Right,49756.0,791.0831309296453,4.1574950059743445,-5.2058972486851065,6.9570000000000025,-204.2350893708048,311.8967348126524,5.140559037974253,1026.1921240232057,3.177597476493005,-0.1167949954826215,-242.7507,-6.67
277,Gryffindor,Katina,Tolley,1997-04-22,Left,59185.0,897.463302596493,-4.753876731451745,-6.985412715781815,4.354,-688.7025227789923,861.7115830797951,-5.309851014160287,926.371756317655,2.929627268730492,-0.6531191643058659,-256.11774,229.47
278,Gryffindor,Rocio,Pettigrew,2000-10-28,Left,56207.0,856.7448671207952,-5.052185087559461,-6.304279337355761,4.465,-633.6710865103564,746.1651625953102,-4.628830267591593,945.5541035682736,2.701952849908161,-1.331386993693929,-255.345,185.94
279,Hufflepuff,Sandy,Khan,2001-08-02,Left,,854.1704833782615,1.6454137689252748,-6.261215337586819,7.233,-704.306596730622,254.67332558851396,5.611332367697291,1074.6281482262132,7.465978423054635,-1.7198213302575236,-245.89146,-52.96
280,Hufflepuff,Valentina,Poling,1999-01-22,Right,,768.9260912549516,2.7583227664600183,-4.83525679766504,5.558,-679.8508698847095,406.34270167472704,2.904467556302169,1061.7458400145017,8.044931845726737,-1.189697941542732,-244.82311,36.97
281,Hufflepuff,Ernest,Begley,2001-03-21,Left,39564.0,857.4619357203948,6.299508149579375,-6.31627437970212,2.117,-524.8133765113886,35.5321116652908,3.2061013777163447,1056.9421555439772,3.606671281651072,0.7410446273571157,-247.81185,17.72
282,Hufflepuff,Aletha,Mattingly,1998-04-26,Right,33898.0,816.6637470341911,3.9952358494540654,-5.633806898600522,2.171,-338.03853285601434,191.40762600907274,7.697747200605246,1038.2246388054973,8.122198565206133,0.5630147671300672,-245.83467,-8.09
285,Ravenclaw,Malissa,Blackburn,2000-10-01,Left,38668.0,186.5220479827915,0.8708641179655903,4.90713209740243,4.314,436.6111327473794,825.9259596148712,6.15962851278664,1058.3121788273734,11.023829760149134,-0.6237654516846405,-232.8665,-24.42
286,Ravenclaw,Mohammad,Hammett,1997-09-04,Left,38551.0,242.3877840524792,6.682813936654866,3.972616389643585,,358.66667295250505,587.8824234384905,5.405393269000046,1043.1683337323202,4.33325142078707,1.0228513004840676,-230.83072,-6.77
287,Slytherin,Emerson,Sprouse,1997-08-21,Left,24875.0,140.35430474150627,-4.76825177169129,5.679420879151214,-3.716,-414.940987208272,322.4488568848544,6.2793171469095,1039.2220395049007,,0.3616152158498572,-245.94713,-38.44
289,Ravenclaw,Sydney,Grooms,1999-08-07,Right,25815.0,229.27571726434755,4.80335890825867,4.191953558304658,3.796,253.8269200813961,683.2528086477603,8.948172188609783,1063.6532365661003,12.118124194713252,-0.7655098730721462,-230.78594,-20.97
290,Gryffindor,Thanh,Dyson,2000-12-07,Left,37498.0,907.6411260420705,-4.197732788199821,-7.155666194028728,5.848,-296.612036037406,756.1814980274934,-5.737691300233122,933.5843329069692,0.8821791198165999,0.7258758818965982,-253.13532,218.04
291,Gryffindor,Marisa,Benavides,1998-04-28,Right,58249.0,917.4927654321912,-2.9991614028584586,-7.320463302327081,5.831,-393.4313598279451,832.9541738061163,-5.369639720819877,961.2404947225529,2.6176455829081164,0.9363059999664068,-252.96732000000003,194.19
292,Ravenclaw,Demetrius,Mcnair,1997-01-23,Right,44841.0,204.21204197922714,3.3874713211623253,4.611215880721653,5.789,532.1138024712977,865.0146290878406,3.2650631412044064,1056.4891339733797,7.380985928147807,-0.549573092630023,-231.39707,9.77
293,Hufflepuff,Marcellus,Kirk,1999-10-13,Left,,862.5049459618555,4.0801645198450345,-6.400633284042966,3.4730000000000003,-685.3533414378097,357.130963572035,2.343362046062582,,8.298561022979726,0.9427246757893772,-247.31282,62.01
294,Hufflepuff,Archie,Magee,2001-08-22,Left,53884.0,893.138740299549,4.9705481154287865,-6.913071927312927,6.009,-293.10048860923087,89.06093420382368,5.080197240937305,1042.719702224602,1.7219075902327163,0.0187016467364354,-245.67251,-38.13
295,Gryffindor,Mohammed,Hawthorne,1998-04-19,Left,28754.0,684.694075166235,-6.373340858443482,-3.4262331694269754,4.4830000000000005,-745.559862402287,708.7028742780865,,956.1595057804948,4.287212928042337,0.3154283459842178,-252.49698,193.77
296,Slytherin,Sharon,Corbin,1999-07-22,Left,43447.0,212.5771161930187,-3.8666511387346856,4.471285866381463,-3.67,-617.0388182570508,311.31758350721486,4.362326763337017,1056.2499197653194,10.54444588390552,-0.4470235625413165,-248.32283,-36.64
297,Hufflepuff,Carla,Null,1997-09-26,Right,59613.0,869.8475106258634,4.428998524933961,-6.523458874404668,4.873,-706.4176826976525,230.88387586244878,1.4826931502909693,1070.3408099403782,4.4048961338091175,-1.3382339064038102,-247.97136,15.74
298,Hufflepuff,Magdalena,Gonzales,1997-11-21,Right,44498.0,842.5695936976447,5.004513227347784,-6.0671569684821804,5.109,-540.5153417348562,216.57420473885358,3.426388529363885,1054.7473489834554,4.698540969411587,-0.1494811399346574,-245.46342,17.46
299,Hufflepuff,Elisha,Mattox,2000-09-19,Left,48128.0,796.1186185878906,6.144434151197107,-5.290130316105646,4.511,-454.09017850329707,101.13411404331531,6.750660627121885,1047.3204063864564,4.1657010705641895,1.6128044988117682,-244.10968,-32.17
300,Hufflepuff,Emma,Manley,1997-11-24,Right,59239.0,776.0395372156058,4.28718569113917,-4.954249716298256,4.688,-728.7614456777382,377.27957335023046,5.661147117079215,1062.808828331579,8.7725604400718,-0.4110438651939713,-244.88116,-1.33
301,Hufflepuff,Roberto,Sell,1999-11-04,Left,57192.0,826.3366465227601,5.433945473042182,-5.795614066062957,4.17,-595.6756306915737,56.377165510933956,5.089843495699494,1066.6394802793584,3.866585483885548,-0.6106044540438931,-246.54779,-42.33
302,Hufflepuff,Luigi,Pruitt,2000-11-07,Left,35524.0,973.9739461397636,3.8285145140115153,-8.265274098306763,7.4129999999999985,-757.7563594070073,359.4433727446759,6.329829256721707,1063.6272496293263,,-0.6802369098331623,-244.35225,21.21
303,Hufflepuff,Royce,Linares,1997-07-31,Right,58131.0,597.2532488925846,6.926228976202467,-1.9635329277223583,5.782,-732.8023692317665,234.9235270672183,6.994940868282249,1060.9561123797048,5.314165979640354,-0.8606609300491433,-240.14416,-36.98
304,Ravenclaw,Chrystal,Purdy,2000-01-28,Left,48306.0,73.95249348037153,4.300652442129665,6.7901828598,3.792,681.4846395451564,691.634003339003,4.138450250579154,1064.6809210625502,,-0.0662918405897867,-230.82475,-40.15
305,Slytherin,Chauncey,Otto,1998-10-13,Left,38288.0,232.46117446358207,-6.438093032371088,4.138667590938815,-6.191,-561.7138228442593,237.0836628548213,4.924864348425871,1076.495832737807,13.378077536063769,0.20363390196885,-251.52742,-67.58
306,Hufflepuff,Shirley,Keyes,1997-03-23,Left,57198.0,763.6660942666957,1.1476181343485616,-4.747268163591416,5.653,-828.1165978678945,456.7178422405303,1.4286730106816767,1079.5390683502876,8.632439702251096,1.478030197188729,-246.81785,23.8
307,Ravenclaw,Lacy,Layne,1997-04-30,Right,12871.0,271.888454956782,6.249342664564532,3.479132506873193,4.717,671.8162808917532,673.0095578816095,4.607789471368688,1073.3118726539076,8.420180805065408,-1.127018215097155,-229.44915,18.61
308,Hufflepuff,Shelby,Mcnamara,1997-12-14,Left,82041.0,728.8880577981416,4.803952282581054,-4.165505107174652,5.114,-715.3250283974705,293.4477718652138,2.2175606522622644,1071.353488335483,3.4234840905997954,1.2915060917392938,-246.30753,-21.16
310,Hufflepuff,Reuben,Rossi,2001-03-17,Left,44345.0,725.237591304617,7.155386743486138,-4.104440516983079,5.4570000000000025,-533.751768609826,168.06083675482773,6.741806357296151,1047.776897203058,4.49551323282761,-2.3528830749842613,-241.41739,-15.23
311,Hufflepuff,Marcos,Mcgee,2000-03-31,Right,39443.0,777.2480205652361,4.554376783049088,-4.974465088944301,5.903,-612.801785041343,275.0798684073653,3.0212972182150657,1056.995556560012,5.2927503887355725,0.6784703368465514,-243.92371,28.47
312,Hufflepuff,Lavern,Sides,2000-11-14,Left,52473.0,727.6145021197995,6.685949917228619,-4.144201211981513,4.27,-379.4418138040809,66.41144181530717,2.8728999202447207,1044.7891437340563,-0.1840658184244552,0.6981411719913382,-244.66036,-8.22
313,Gryffindor,Adela,Urbina,1997-08-08,Right,51132.0,576.6746523617006,-5.867612556299433,-1.6192964948978856,4.133,-624.5620550922648,890.6342314548249,-5.355302315135553,967.341257641426,4.74034905182638,0.0555283112207706,-251.09125,183.88
314,Ravenclaw,Oren,Scanlon,2000-11-27,Right,29023.0,178.32112941698188,6.321517673513961,5.044316134649163,4.966,607.2066488466484,708.6373612682108,3.4308578237363263,1070.4221153819126,6.374062037532202,0.3729376213343879,-229.27228,11.58
315,Hufflepuff,Otha,Vo,1997-07-26,Left,62592.0,733.4542661998854,6.321198852027671,-4.241888124325041,5.082,-656.4915522388964,245.22699375125677,1.84250026896614,,2.6677265382291995,-0.6166271961129308,-244.74546,14.36
316,Ravenclaw,Marci,Witcher,1997-10-25,Left,52809.0,18.482949406249265,2.9613194180982583,7.718071112714566,3.3160000000000003,670.2634549394968,722.6058683054431,3.663153964095801,1062.408805050762,5.341139831621545,,-231.58457,-45.14
317,Slytherin,Chelsea,Watkins,1998-02-16,Right,53002.0,119.21718495029678,-3.5786748321567408,6.033000225837448,-4.869,-586.6606360126394,100.3360311355834,3.928952898013202,1059.5295918312345,6.632062888760713,-0.1559443241351837,-249.38126,-84.15
318,Hufflepuff,Bill,Purnell,1998-06-26,Left,48422.0,774.9044912792835,7.577107575338628,-4.935262796387312,4.383,,143.12814305253386,3.8162835692518735,1050.2552591303324,,-0.4123478378364056,-244.04762,14.62
319,Slytherin,Arthur,Lindstrom,1997-03-13,Left,30469.0,175.59492764338202,-2.752919230835335,5.0899197292526805,-5.426,-527.3385979750202,273.70831747634,2.8267340231932447,1062.6906154452067,10.292199552005547,,-248.15824,-6.02
321,Ravenclaw,Gloria,Beltran,1998-08-11,Left,43863.0,57.36432005798583,2.2818576842988185,7.067667946668093,3.5860000000000003,484.4464058993306,753.1912065796303,3.925378704832069,1029.3998049969537,5.390116625070165,0.5297396051660122,-232.59965,-1.63
322,Ravenclaw,Lissette,Haywood,1997-10-04,Left,56024.0,193.82725861262534,3.71600548665474,4.784931361095103,4.9430000000000005,513.2860725695822,731.027963715135,4.762362593650853,1041.4958837654267,5.1829950963365246,1.4728714747394562,-232.77461,-26.27
323,Slytherin,Ken,Rutter,2001-04-22,Right,67322.0,225.5221170064486,-5.244584980219243,4.254743358429703,-4.6960000000000015,-513.2741498654725,226.3542370262326,6.233363111885094,1032.2020567953175,8.24937898599703,0.4153900040059137,-251.41826,-94.1
324,Ravenclaw,Grant,Yocum,1999-04-08,Right,37915.0,109.10077128348502,3.5357487114105424,6.202226448258088,4.87,510.1520848835812,739.059739350747,5.169765245319393,1071.0357835809698,8.201253797602536,0.8210164432746805,-230.06181,-31.45
325,Ravenclaw,Jae,Barrows,2000-02-16,Left,48177.0,54.94544158808074,5.509801023777841,7.108130671843076,2.257,128.90899121876578,689.9684851376044,4.779289301125763,,5.277694670419269,0.1819058065375585,-232.84217,23.64
326,Ravenclaw,Kathrine,Shelley,1998-07-24,Left,52174.0,321.61720256154535,-3.332985506448579,2.6472756473151966,-5.715,-231.80638299005105,493.7639987952698,0.0541080089475718,1044.4677581717915,9.239761928756778,-0.6594217562779202,-251.48998,35.14
327,Hufflepuff,Rhoda,Marshall,1997-11-17,Left,54413.0,807.0452398615231,3.4401782720587506,-5.472909599640085,5.849,-836.8766053776303,346.9502387974127,,1077.9735349686189,6.387536316787884,-1.4923196769127878,-246.42618,32.12
328,Slytherin,Simon,Mckenna,2001-03-11,Left,50357.0,137.15204923724298,0.2193000083303991,5.732987846661644,-2.855,-587.1981015894686,298.30066949613655,3.4831476338338576,1020.6648324229892,5.074415895102441,-1.4004697981484389,-245.44524,0.43
329,Gryffindor,Hunter,Augustine,1998-02-01,Left,31413.0,853.3268415524865,-7.0525462195811714,-6.247102992643836,4.005,-399.63564667659546,705.7588717088148,-2.6847554559759224,944.8740204151688,5.138250730554415,-0.0598820303013191,-254.45009,170.96
330,Ravenclaw,Tyrell,Kell,2001-10-07,Left,58160.0,163.83880395549284,5.494008889088947,5.286574835255111,5.438,831.8042747675238,831.7919888539533,5.277265765980079,1060.3679239607604,6.1641626905347415,0.9715712983523724,-229.2404,-38.86
331,Gryffindor,Alfred,Barnette,2001-04-03,Left,51198.0,730.9534062223747,2.415952250744394,-4.200054021772915,5.443,-517.3009807487972,570.8918125369837,8.717468280518446,1041.093625300971,12.211899264487286,1.5784192114125783,-242.21231,-3.43
332,Gryffindor,Myron,Corbett,1999-10-07,Right,46462.0,977.5047095260435,-3.967113946222148,-8.324336308473338,3.267,-874.4214281954863,828.6476453510759,-6.901375057379656,926.9873286175248,,-0.0866377125453482,-258.02545,282.43
333,Ravenclaw,Abram,Bartley,1997-01-20,Right,79712.0,94.13399312421859,5.620571201698666,6.452589018741888,4.575,481.69785189235887,806.668923198299,3.9793477190988793,1038.3448991759649,3.1922269225368365,-0.8682649775088969,-231.88405,-27.46
334,Ravenclaw,Laureen,Barnhart,2001-05-26,Left,71058.0,209.23304065520438,6.319591426713357,4.527225183356026,6.812,939.3171351241868,1000.0,3.157832170260986,1060.4566653614374,5.264801700095092,0.0120049169801689,-228.68376,-10.22
335,Hufflepuff,Myrna,Neville,1996-12-10,Right,69047.0,723.3179564052421,6.856667171797546,-4.0723290817307065,4.039,-554.1424955945844,229.04818481284062,6.623929994495263,1050.487160129822,4.710409933392453,0.4611378494032559,-243.81552,-33.44
336,Ravenclaw,Arthur,Hancock,2000-03-15,Left,40398.0,165.06992365621113,8.317970967312155,5.265980804290988,4.628,701.1280350566794,745.1336558462731,3.4684988739248697,1051.7663507589723,4.336524352882806,-0.6927066821869505,-228.67479,23.67
337,Hufflepuff,Dario,Mcrae,1999-08-08,Right,52494.0,846.1445465643284,3.2111621013400704,-6.1269583752737375,6.211,-633.2359192050842,164.24902350766288,6.036170891563487,1067.160621523399,6.213967390689637,1.025369060530172,-245.55347000000003,-48.66
338,Gryffindor,Virginia,Snead,1999-12-20,Right,43656.0,614.1854136932286,-6.003967435290438,-2.24677226341866,4.545,,682.2028715803414,-5.198425582694627,961.1771570496036,,-0.5923208722481821,-252.85782000000003,179.0
339,Hufflepuff,Gwendolyn,Hannon,1999-07-26,Left,61812.0,677.6812779786684,4.206357823942357,-3.3089238920743425,5.8020000000000005,-620.3518173303908,317.12615453292824,3.1281639760684103,1061.6268375587654,4.388385342600198,-1.2935305634139225,-243.79427,-8.11
340,Hufflepuff,Fabian,Mccullough,2000-08-15,Right,55728.0,711.1273160915397,3.2366810757381206,-3.8684054308083926,5.0310000000000015,-524.2132295681163,343.0850205505848,3.9512735553315386,1053.7129027437934,5.83937254316717,0.9645286389210692,-244.59897,-3.25
341,Slytherin,Destiny,Hiller,2001-10-18,Right,42388.0,113.57970693606556,-4.7245905679764055,6.127303319774533,-4.541,-453.3232820174816,191.34504554027836,5.026978072210552,1050.2231035636114,8.584841575465083,-1.5766389213662146,-248.1627,-75.28
342,Ravenclaw,Jenny,Hawes,1999-05-21,Left,81777.0,266.85036587639706,7.274883009491972,3.563409090588748,7.207999999999997,699.3659788129758,742.2649416014523,2.2863959509879304,1050.1756369377763,0.1159838655239311,-0.7232161838083576,-231.5117,-31.79
343,Gryffindor,Lucille,Castleberry,1999-05-13,Right,76972.0,742.7985315586652,-3.762297552071098,-4.398197937272887,5.0760000000000005,-389.45982991664926,992.7068175443771,-6.324110283262246,945.1758269646074,1.6634545715289164,0.6548397974923965,-252.48405,200.9
344,Hufflepuff,Faustino,Fairbanks,2000-03-04,Right,76722.0,622.6381778092951,4.917628494286057,-2.3881691445156994,5.332999999999998,,353.2688590963301,1.7708407659768357,,3.6670126799241833,0.2618669363826757,-244.24325,-6.09
345,Hufflepuff,Isaiah,Moya,1999-12-10,Left,52248.0,676.9845476184073,6.362245611275822,-3.2972690654929058,5.351,-954.646134715488,297.34255991334373,3.706613570163997,1076.792116948406,6.742480285905835,-0.0372570357802022,-242.70419,18.91
346,Hufflepuff,Sandy,Bayer,1998-07-21,Right,53137.0,734.2402395143346,5.830353449756696,-4.255035796939893,5.852,-520.3527733446224,191.681204760206,6.248212451080656,1049.6552550383294,4.176902831748944,-1.216526059228167,-242.53747,-30.29
347,Ravenclaw,George,Duggan,2001-11-01,Right,77901.0,148.6300495385551,3.48781975699584,5.540985157180266,5.391,522.3674141368309,907.7278319687323,5.26705129747953,1028.4999740845724,5.4409056964729405,1.081470479973271,-232.33609,-30.01
348,Ravenclaw,Jamie,Martens,1996-11-13,Left,40129.0,228.42917443999505,3.916023975954616,4.20611443082339,5.5829999999999975,416.7391026794705,758.8268887274012,4.91575313566233,1056.6393067524748,7.775410422001697,0.8944842545104789,-231.5156,-5.95
349,Slytherin,Errol,Salley,1997-10-01,Right,37609.0,85.82319925588283,-5.686633659058215,6.591611037609008,-6.282,-418.16845051744,138.34401117219048,4.212888123251757,1068.3401235465876,9.54836621699074,-1.85289684559144,-249.60082000000003,-83.83
350,Slytherin,Doug,Bray,2000-09-04,Left,88967.0,344.5108931098819,-6.2716395387075865,2.26431258388571,-8.183,-427.4269326894706,191.50816151037978,2.098612448831328,1062.098335577098,7.689390180257195,-1.1554181202508385,-258.52837,-93.98
351,Gryffindor,Kathi,Pederson,1996-12-05,Right,44695.0,762.1983112020517,-4.941757416834276,-4.7227152546709785,5.4910000000000005,-363.7376904181617,868.7782594242693,-5.3212512889176935,940.018637225071,2.5108777398977056,0.6301483867073905,-251.61443,207.78
352,Hufflepuff,Norbert,Jerome,2000-11-21,Left,53711.0,743.2673665880485,5.727655019855268,-4.4060405565621,3.635,-499.8137323935431,243.84715428282536,-0.8336869760336905,1053.1970616683752,1.252163120794882,0.495095620716356,-246.60538,54.86
353,Ravenclaw,Porter,Holloway,1998-05-09,Right,53520.0,229.93382469356186,5.851743358825022,4.180944811740819,4.987,608.9372949408222,784.5159661026104,6.699628976853652,1062.8274113426728,8.1356436255928,-0.2502149016398978,-230.24709,-35.38
354,Slytherin,Wendi,English,2000-08-31,Left,33102.0,107.05344593871575,-3.18769256963985,6.236473874823687,-2.862,-568.3203333085853,261.35118393817555,4.90654636018467,,9.06849175728416,0.916685316978586,-245.30267,-41.17
355,Hufflepuff,Shelby,Carrington,1998-04-30,Right,33825.0,814.1617867892824,4.350432473121701,-5.591954390899936,,-435.6755842916462,222.90957694592365,6.474138227969773,,6.953140277855495,0.9888350993595022,-244.13999,1.56
356,Hufflepuff,Louie,Goddard,2001-03-02,Left,25186.0,799.9814547029681,7.22574341222342,-5.3547474012817045,5.04,-130.16504829989793,43.262385413513464,4.459818994315092,1019.7001120116204,-0.0034666357648764,0.2341560939249817,-242.58497000000003,19.12
357,Hufflepuff,Delbert,Inman,1999-02-08,Right,64622.0,705.3121978488224,4.415817690358755,-3.7711307912419234,5.882999999999999,-1041.3236581428478,364.23690848542213,4.846239464983008,1088.3731275227678,9.083015923476411,-1.1236096278669552,-243.85386,-14.66
358,Gryffindor,Eddy,Wolcott,2000-05-28,Left,41835.0,858.3873581843255,-5.130911719542043,-6.331754741900827,3.663,-853.5372656959784,715.5748838645662,-6.4040545033558605,928.1975972156648,2.0060260065667883,0.9408784784561058,-256.83041000000003,244.06
359,Hufflepuff,Tommie,Epperson,1999-11-19,Left,73472.0,540.5807472756975,1.9362401311583763,-1.015521737233346,7.455,-635.6036832223252,176.94487450612053,4.290163703672091,1076.644410822279,2.298576464334896,0.7216939438059892,-242.71655,-102.04
360,Ravenclaw,Reynaldo,Neville,2000-08-01,Left,56837.0,136.83149831536963,4.324191083796202,5.738349986189416,5.01,874.7933917914426,886.1059686799018,5.407737145920709,1071.4949050368025,8.070133467488054,0.7024848903531039,-229.23506,-46.66
361,Gryffindor,Danielle,Culpepper,1999-07-16,Right,46140.0,813.4343046611489,-3.723622144295255,-5.579785152227299,6.756,-346.01622624200826,780.1362343937094,-4.45903471863844,970.3299996271754,2.8173134158180115,-0.9274243077352906,-250.23734,166.96
362,Gryffindor,Venita,Haynes,2001-06-01,Left,59723.0,616.9224898367847,-4.487994719510543,-2.292557763251589,6.6229999999999976,-98.1266045442318,916.256037233743,-4.240296315721499,982.1088912768224,3.1916746856509985,0.6479772522240881,-247.31584,129.35
363,Ravenclaw,Williams,Rickman,1998-01-06,Right,76205.0,264.41698323711546,5.532531738648523,3.6041144398668767,5.791,768.215459370202,831.2986112963825,6.657682133450548,1053.257301069964,6.081924436283527,0.8440405413324026,-231.14496,-62.8
364,Gryffindor,Bessie,Hirsch,1997-07-30,Left,45984.0,714.0820674223196,3.0125055466043555,-3.9178321765276434,5.857,-730.7818863911913,504.3150314744457,6.119082724806418,1057.940273436112,10.927450603056496,1.127045674356992,-242.45532000000003,18.1
365,Gryffindor,Lillie,Gladden,1997-07-21,Left,51258.0,694.6737685729324,-3.6883392505705785,-3.593172350816128,7.04,-545.9042023426692,846.6847610001931,-5.750565833099345,957.1111854636324,1.5071015419002485,1.0576259053035666,-249.47558,192.69
366,Hufflepuff,Hugh,Lear,2000-04-16,Right,48470.0,696.3575392957462,6.346387324338227,-3.6213382768279336,4.888,-709.3072797943851,279.75819566105656,4.729752763178402,1060.1886164618415,6.066884883520636,-0.0805086333542676,-242.55581,13.46
368,Gryffindor,Chanda,Mcdade,2001-05-19,Left,67545.0,644.851835923122,-3.8720320556223538,-2.7597567023751544,5.077,-619.2945786112308,910.2865885741933,-6.606413952829298,967.613066695732,2.4107392495787234,1.5219080525556603,-251.32835,190.76
369,Hufflepuff,Olga,Crouch,1999-05-16,Right,62824.0,707.2727906247694,3.421620411036981,-3.8039273652162735,3.905,-566.2133518382913,243.74111063576026,9.186750039382709,1058.688521415781,8.592797183337101,0.7854599681962461,-244.36896,-76.16
371,Gryffindor,Mohamed,Harvey,1998-05-22,Right,27141.0,830.7119144057527,-3.0700287833685844,-5.86880305183429,7.657,-526.4040790689899,762.7816541779481,-6.795737800828261,938.2285185820388,0.2056019456033331,0.6092088982784044,-250.19702,244.96
372,Gryffindor,Rhonda,Tibbs,1997-07-22,Left,47339.0,914.1922665310487,-3.46790569397192,-7.265252930396942,5.513,-591.8825217728153,847.8377333363297,-5.891564889479287,941.3516067943456,2.8560821851176903,-1.9006078286218984,-253.77151,238.24
373,Ravenclaw,Gale,Wilmoth,1997-09-30,Left,57751.0,237.40196219834044,5.2500374326738735,4.0560186531162765,5.715,266.5238051721511,977.0894208302817,7.483499495471944,1051.8903826523367,11.440991246573102,-0.8314315588453283,-230.18354,1.29
374,Hufflepuff,Stephenie,Mesa,2000-07-24,Left,61356.0,657.6281302976472,4.953354345110134,-2.9734771081181512,5.002,-624.0258418834269,283.85575942835055,3.1723939262725662,1060.2066244800308,3.9945321002650784,0.5907365892925468,-243.83594,-5.1
375,Hufflepuff,Sydney,Rosen,1997-06-08,Left,83884.0,578.3203602136107,5.4197667061046255,-1.6468257095147596,5.692,,269.25613869993975,-1.849452136482089,1090.6253176755515,0.5516550490904208,0.6721048565824828,-245.23197,-0.02
376,Ravenclaw,Williams,Reddy,1999-12-26,Right,44625.0,76.63856130362181,5.3849723088226265,6.745250621373893,2.8310000000000004,249.79274113900064,620.8577278800635,5.612732928593367,1028.0222834371673,4.910270636239007,-0.3988529142932029,-232.23301,-3.12
377,Slytherin,Collin,Slaton,2000-04-04,Right,67730.0,214.03013717692787,-6.228201137689725,4.4469798958761695,-6.9510000000000005,-413.8225905367104,196.5675076628281,3.914832206664072,1054.4462673424769,8.561106147875732,-1.3103752957934756,-253.97717000000003,-93.37
378,Gryffindor,Eloy,Cruz,2000-03-10,Right,61157.0,637.3342111196819,-4.79953115319151,-2.6340027258216416,5.268,-571.8396529455982,917.1777670021291,-6.69547357644933,937.975301341436,,-0.3475788164907212,-251.68137,211.41
379,Slytherin,Doreen,Ferreira,2001-03-29,Right,63499.0,229.3212828285402,-9.68766228034822,4.191191342705855,-6.285,-310.1586452500292,209.49498557725684,6.938013912448753,1051.4441956520825,11.344639694736426,0.1692820022258201,-254.23222,-143.52
380,Gryffindor,Johnie,Cho,1999-11-15,Right,17930.0,939.4465129531634,-5.69952815935107,-7.6877031052167855,5.44,-433.9709933884725,662.3287092704095,-4.145359898233809,925.7273952784273,2.669567790636255,-0.1589247430768902,-254.07461,219.71
381,Hufflepuff,Von,Dupre,1998-12-03,Right,47383.0,782.0478445599194,4.530756912659516,-5.0547560012830255,2.915,-533.6400237606858,331.20842012836437,5.112212898557743,1048.9240387608484,7.954527356446286,-0.1490508744611941,-245.71696,22.61
382,Gryffindor,Griselda,Thompson,1999-10-03,Right,56541.0,734.9182517016246,-4.884101637695258,-4.266377508043171,4.138999999999999,-886.9324806974525,815.2146815305114,-6.7774743383385525,935.9714858391736,1.7862629591446857,0.788245074099039,-255.01863,230.87
383,Gryffindor,Lottie,Miles,1997-04-20,Right,37880.0,671.4094425013952,-7.08446516923227,-3.2040093383185333,4.292,-410.4525921783418,775.702198590279,-3.3570299935021586,958.879452486226,4.9668009858109965,0.4433713719296142,-251.77155,156.13
384,Gryffindor,Tony,Schwarz,1999-02-27,Left,49297.0,699.5116484028823,-5.0307045649465385,-3.6740998568584384,5.039,-405.4132442662087,785.0178392512034,-4.9134451789857945,970.828181629774,3.1690278061488217,-0.6472100925796928,-251.2456,161.46
385,Gryffindor,Margo,Milam,1998-07-05,Left,53830.0,796.0470988137866,-3.229370575273723,-5.288933941422028,7.501,-286.8759396523604,859.5966054264428,-4.615696278582071,965.9524291342937,2.2960094789271817,-0.0852138398301992,-249.14775,169.8
386,Ravenclaw,Latonya,Amaya,1997-08-19,Right,52151.0,77.68200436930242,3.699605005118425,6.727796023911612,3.534,742.1342454680806,661.5382761063237,4.573940245224399,1048.5947201798172,4.104647839009681,0.7206167199962643,-231.79021,-49.41
387,Ravenclaw,Ernesto,Soper,1997-03-24,Right,55522.0,203.28891042451454,5.238002970748181,4.626657920850341,5.501,653.9520225934898,890.3596944579948,7.123052740708348,1076.2716025386972,10.28162942811748,-0.0816306952232309,-228.9608,-44.36
388,Hufflepuff,Randell,Treadwell,1997-04-13,Right,91534.0,591.4558126093573,5.414912687928168,-1.8665540699722567,4.744,-796.0645614270288,186.2568344330586,0.1702632447034773,1085.1096629079043,0.0922361103164988,-1.3175906741026304,-246.05342,-41.88
389,Ravenclaw,Jeffry,Mccloskey,2001-08-02,Right,51189.0,253.7761847081698,4.825555379709587,3.782112512889536,5.982,515.2863290323037,933.8453408396184,6.9645330212828505,1061.1859636419863,10.743622120737616,-0.5113530833851679,-229.7299,-13.61
390,Slytherin,Oliver,Heflin,1999-04-15,Right,,196.60402361695577,-5.381594456534202,4.738481950492782,-3.445,-434.1944680918468,288.9496401176772,6.938229821835995,1023.0327844304454,8.755956931749697,2.0710708268170785,-248.9768,-83.78
391,Hufflepuff,Graig,Padgett,1999-05-02,Left,53411.0,803.5924776344241,4.824097873557438,-5.41515218403286,7.807,-503.9663050244033,232.1252898836787,5.2618918524444185,1051.7275739491474,3.7592721870537047,0.5267115148182758,-242.68269,-27.14
392,Hufflepuff,Melva,Chastain,2001-10-26,Left,81491.0,718.0378329271296,3.2573492077381814,-3.984003774013517,6.909,-402.3214723823723,197.24049586198694,1.8946862215740328,,-0.6178807083101256,-1.386635646157164,-245.76681,-59.14
393,Ravenclaw,Ursula,Tyler,1998-02-13,Left,70313.0,132.1079873603527,,5.8173643426408885,3.892,268.3013812301261,887.9487154527184,5.045303168250967,1007.4456822473016,5.7811332191564535,0.4274845052279545,-234.21965,9.64
394,Ravenclaw,Eddy,Hardison,2001-05-14,Right,38245.0,399.6518875772767,6.457299498252349,1.3419202715935303,8.604,600.1925553596078,888.4106018971955,2.88842328078044,1070.6246352662706,7.359846070200992,0.1609124219602283,-229.266,35.3
395,Slytherin,Maria,Kidwell,1999-02-06,Left,45857.0,148.58018276556697,-5.647655354143777,5.54181932291281,-3.799,-591.7646505395062,211.34145570111016,7.048482058164468,1047.6484051196717,10.408749129663958,1.88278646664176,-248.39978,-94.89
396,Hufflepuff,Frederic,Koonce,1997-11-11,Left,51842.0,857.8242600668651,6.754861628379575,-6.3223353003468885,3.294,-221.8483972315508,0.0,3.921402182184609,1035.6813133175635,-0.1697406587794736,-1.0743033465625291,-246.87982,-15.53
397,Hufflepuff,Eugene,Peralta,1998-11-14,Right,61982.0,654.4962506132077,5.234529833477609,-2.9210873793536623,4.23,-787.0360495302342,327.0030628485664,3.8981597040978686,1069.794110139911,6.495579301439053,-2.2865373952165613,-244.01333,1.25
398,Ravenclaw,Allan,Bentley,1998-10-13,Left,56020.0,45.616417801005376,6.735581859032765,7.264185525505128,3.908,511.96076203579423,844.1559497755853,7.244499044719727,1042.0588039563484,7.55425928165166,-0.7888166399316436,-228.2429,-18.27
399,Ravenclaw,Clarence,Pope,1999-07-26,Left,46452.0,39.924620374417245,7.224871772315812,,2.889,,557.2479637315928,3.0959424053982607,1035.3315888513016,0.477165323160548,0.9756274005072034,-230.70067000000003,-8.78
